1;даа;да;INTJ;_;_;_;_;_;@ko1985f-words#@ko1985f#557.742#558.682
2;гмм;гм;INTJ;_;_;_;_;_;@ko1985f-words#@ko1985f#559.15#559.73
3;мм;мм;INTJ;_;_;_;_;_;@ko1985f-words#@ko1985f#560.54#560.99
4;это;это;PRON;_;Animacy=Inan|Case=Nom|Gender=Neut|Number=Sing;_;_;_;@ko1985f-words#@ko1985f#561.49#561.87
5;тоже;тоже;ADV;_;_;_;_;_;@ko1985f-words#@ko1985f#561.87#562.25
6;такое;такой;DET;_;Case=Nom|Gender=Neut|Number=Sing;_;_;_;@ko1985f-words#@ko1985f#562.25#562.63
7;то;то;PRON;_;Animacy=Inan|Case=Nom|Gender=Neut|Number=Sing;_;_;_;@ko1985f-words#@ko1985f#562.64#562.993
8;что;что;PRON;_;_;_;_;_;@ko1985f-words#@ko1985f#562.993#563.346
9;удивляет;удивлять;VERB;_;Aspect=Imp|Mood=Ind|Number=Sing|Person=3|Tense=Pres|VerbForm=Fin|Voice=Act;_;_;_;@ko1985f-words#@ko1985f#563.346#563.7
10;подписчиков;подписчик;NOUN;_;Animacy=Anim|Case=Acc|Gender=Masc|Number=Plur;_;_;_;@ko1985f-words#@ko1985f#563.715#564.42
11;очень;очень;ADV;_;_;_;_;_;@ko1985f-words#@ko1985f#564.42#564.85
12;сильно;сильно;ADV;_;Degree=Pos;_;_;_;@ko1985f-words#@ko1985f#564.85#565.28
13;что;что;SCONJ;_;_;_;_;_;@ko1985f-words#@ko1985f#565.91#566.31
14;ээ;ээ;INTJ;_;_;_;_;_;@ko1985f-words#@ko1985f#566.32#566.77
15;наш;наш;PRON;_;Case=Acc|Gender=Masc|Number=Sing;_;_;_;@ko1985f-words#@ko1985f#566.77#567.08
16;контент;контент;NOUN;_;Animacy=Inan|Case=Nom|Gender=Masc|Number=Sing;_;_;_;@ko1985f-words#@ko1985f#567.08#567.39
17;он;он;PRON;_;Case=Nom|Gender=Masc|Number=Sing|Person=3;_;_;_;@ko1985f-words#@ko1985f#567.39#567.853
18;часто;часто;ADV;_;Degree=Pos;_;_;_;@ko1985f-words#@ko1985f#567.853#568.316
19;восемнадцать;восемнадцать;NUM;_;Case=Nom;_;_;_;@ko1985f-words#@ko1985f#568.316#568.779
20;плюс;плюс;ADJ;_;_;_;_;_;@ko1985f-words#@ko1985f#568.779#569.245
21;там;там;ADV;_;Degree=Pos;_;_;_;@ko1985f-words#@ko1985f#569.245#569.592
22;есть;быть;VERB;_;Aspect=Imp|Mood=Ind|Number=Sing|Person=3|Tense=Pres|VerbForm=Fin|Voice=Act;_;_;_;@ko1985f-words#@ko1985f#569.592#569.94
23;секс;секс;NOUN;_;Animacy=Inan|Case=Nom|Gender=Masc|Number=Sing;_;_;_;@ko1985f-words#@ko1985f#569.94#570.423
24;наркотики;наркотик;NOUN;_;Animacy=Inan|Case=Nom|Gender=Masc|Number=Plur;_;_;_;@ko1985f-words#@ko1985f#570.423#570.906
25;насилие;насилие;NOUN;_;Animacy=Inan|Case=Nom|Gender=Neut|Number=Sing;_;_;_;@ko1985f-words#@ko1985f#570.906#571.39
26;ии;и;SCONJ;_;_;_;_;_;@ko1985f-words#@ko1985f#571.39#571.98
27;мат;мат;NOUN;_;Animacy=Inan|Case=Nom|Gender=Masc|Number=Sing;_;_;_;@ko1985f-words#@ko1985f#571.98#572.57
28;ээ;э;INTJ;_;_;_;_;_;@ko1985f-words#@ko1985f#572.57#573.787
29;до;до;ADP;_;_;_;_;_;@ko1985f-words#@ko1985f#573.787#574.397
30;э;э;INTJ;_;_;_;_;_;@ko1985f-words#@ko1985f#574.397#574.851
31;развода;развод;NOUN;_;Animacy=Inan|Case=Gen|Gender=Masc|Number=Sing;_;_;_;@ko1985f-words#@ko1985f#574.851#575.305
32;мы;мы;PRON;_;Case=Nom|Number=Plur|Person=1;_;_;_;@ko1985f-words#@ko1985f#575.305#575.759
33;озвучивали;озвучивать;VERB;_;Aspect=Imp|Mood=Ind|Number=Plur|Tense=Past|VerbForm=Fin|Voice=Act;_;_;_;@ko1985f-words#@ko1985f#575.759#576.213
34;дома;дома;NOUN;_;Animacy=Inan|Case=Loc|Gender=Masc|Number=Plur;_;_;_;@ko1985f-words#@ko1985f#576.213#576.667
35;и;и;CCONJ;_;_;_;_;_;@ko1985f-words#@ko1985f#576.667#576.989
36;Тёма;Тём;PROPN;_;Animacy=Anim|Case=Acc|Gender=Masc|Number=Sing;_;_;_;@ko1985f-words#@ko1985f#576.989#577.312
37;ну;ну;PART;_;_;_;_;_;@ko1985f-words#@ko1985f#577.312#577.553
38;получается;получаться;VERB;_;Aspect=Imp|Mood=Ind|Number=Sing|Person=3|Tense=Pres|VerbForm=Fin|Voice=Mid;_;_;_;@ko1985f-words#@ko1985f#577.553#577.794
39;это;это;PRON;_;Animacy=Inan|Case=Nom|Gender=Neut|Number=Sing;_;_;_;@ko1985f-words#@ko1985f#577.794#578.035
40;до;до;ADP;_;_;_;_;_;@ko1985f-words#@ko1985f#578.035#578.276
41;его;его;PRON;_;Case=Gen|Gender=Masc|Number=Plur|Person=3;_;_;_;@ko1985f-words#@ko1985f#578.276#578.517
42;трёх;три;NUM;_;Case=Gen;_;_;_;@ko1985f-words#@ko1985f#578.517#578.758
43;лет;год;NOUN;_;Animacy=Inan|Case=Gen|Gender=Masc|Number=Plur;_;_;_;@ko1985f-words#@ko1985f#578.758#579.0
44;он;он;PRON;_;Case=Nom|Gender=Masc|Number=Sing|Person=3;_;_;_;@ko1985f-words#@ko1985f#579.0#579.271
45;дома;дома;ADV;_;_;_;_;_;@ko1985f-words#@ko1985f#579.271#579.542
46;в;в;ADP;_;_;_;_;_;@ko1985f-words#@ko1985f#579.542#579.813
47;принципе;принцип;NOUN;_;Animacy=Inan|Case=Loc|Gender=Masc|Number=Sing;_;_;_;@ko1985f-words#@ko1985f#579.813#580.084
48;слышал;слышать;VERB;_;Aspect=Imp|Gender=Masc|Mood=Ind|Number=Sing|Tense=Past|VerbForm=Fin|Voice=Act;_;_;_;@ko1985f-words#@ko1985f#580.084#580.355
49;как;как;SCONJ;_;_;_;_;_;@ko1985f-words#@ko1985f#580.355#580.626
50;из;из;ADP;_;_;_;_;_;@ko1985f-words#@ko1985f#580.626#580.897
51;соседней;соседний;ADJ;_;Case=Gen|Degree=Pos|Gender=Fem|Number=Sing;_;_;_;@ko1985f-words#@ko1985f#580.897#581.168
52;комнаты;комната;NOUN;_;Animacy=Inan|Case=Gen|Gender=Fem|Number=Sing;_;_;_;@ko1985f-words#@ko1985f#581.168#581.439
53;кто-нибудь;кто-нибудь;PRON;_;Case=Nom;_;_;_;@ko1985f-words#@ko1985f#581.439#581.71
54;орёт;орать;VERB;_;Aspect=Imp|Mood=Ind|Number=Sing|Person=3|Tense=Pres|VerbForm=Fin|Voice=Act;_;_;_;@ko1985f-words#@ko1985f#581.71#581.99
55;или;или;CCONJ;_;_;_;_;_;@ko1985f-words#@ko1985f#581.99#582.495
56;матерится;материться;VERB;_;Aspect=Imp|Mood=Ind|Number=Sing|Person=3|Tense=Pres|VerbForm=Fin|Voice=Mid;_;_;_;@ko1985f-words#@ko1985f#582.495#583.0
57;но;но;CCONJ;_;_;_;_;_;@ko1985f-words#@ko1985f#583.38#583.72
58;при;при;ADP;_;_;_;_;_;@ko1985f-words#@ko1985f#583.72#584.06
59;этом;это;PRON;_;Animacy=Inan|Case=Loc|Gender=Neut|Number=Sing;_;_;_;@ko1985f-words#@ko1985f#584.06#584.4
60;э;э;INTJ;_;_;_;_;_;@ko1985f-words#@ko1985f#584.4#585.33
61;в;в;ADP;_;_;_;_;_;@ko1985f-words#@ko1985f#585.33#585.552
62;обычной;обычный;ADJ;_;Case=Loc|Degree=Pos|Gender=Fem|Number=Sing;_;_;_;@ko1985f-words#@ko1985f#585.552#585.774
63;жизни;жизнь;NOUN;_;Animacy=Inan|Case=Loc|Gender=Fem|Number=Sing;_;_;_;@ko1985f-words#@ko1985f#585.774#585.996
64;мы;мы;PRON;_;Case=Nom|Number=Plur|Person=1;_;_;_;@ko1985f-words#@ko1985f#585.996#586.218
65;друг;друг;NOUN;_;Animacy=Anim|Case=Nom|Gender=Masc|Number=Sing;_;_;_;@ko1985f-words#@ko1985f#586.218#586.44
66;с;с;ADP;_;_;_;_;_;@ko1985f-words#@ko1985f#586.44#586.662
67;другом;друг;NOUN;_;Animacy=Anim|Case=Ins|Gender=Masc|Number=Sing;_;_;_;@ko1985f-words#@ko1985f#586.662#586.89
68;и;и;CCONJ;_;_;_;_;_;@ko1985f-words#@ko1985f#586.89#587.037
69;я;я;PRON;_;Case=Nom|Number=Sing|Person=1;_;_;_;@ko1985f-words#@ko1985f#587.037#587.184
70;с;с;ADP;_;_;_;_;_;@ko1985f-words#@ko1985f#587.184#587.331
71;ни;ни;CCONJ;_;_;_;_;_;@ko1985f-words#@ko1985f#587.331#587.48
72;ну;ну;PART;_;_;_;_;_;@ko1985f-words#@ko1985f#587.48#587.764
73;то;то;PRON;_;Animacy=Inan|Case=Nom|Gender=Neut|Number=Sing;_;_;_;@ko1985f-words#@ko1985f#587.764#588.048
74;есть;быть;VERB;_;Aspect=Imp|Mood=Ind|Number=Sing|Person=3|Tense=Pres|VerbForm=Fin|Voice=Act;_;_;_;@ko1985f-words#@ko1985f#588.048#588.332
75;не;не;PART;_;_;_;_;_;@ko1985f-words#@ko1985f#588.332#588.616
76;разговаривали;разговаривать;VERB;_;Aspect=Imp|Mood=Ind|Number=Plur|Tense=Past|VerbForm=Fin|Voice=Act;_;_;_;@ko1985f-words#@ko1985f#588.616#588.9
77;матом;мат;NOUN;_;Animacy=Inan|Case=Ins|Gender=Masc|Number=Sing;_;_;_;@ko1985f-words#@ko1985f#588.9#589.185
78;я;я;PRON;_;Case=Nom|Number=Sing|Person=1;_;_;_;@ko1985f-words#@ko1985f#589.185#589.7
79;с;с;ADP;_;_;_;_;_;@ko1985f-words#@ko1985f#589.7#590.02
80;ним;он;PRON;_;Case=Ins|Gender=Masc|Number=Sing|Person=3;_;_;_;@ko1985f-words#@ko1985f#590.02#590.34
81;не;не;PART;_;_;_;_;_;@ko1985f-words#@ko1985f#590.34#590.773
82;разговариваю;разговаривать;VERB;_;Aspect=Imp|Mood=Ind|Number=Sing|Person=1|Tense=Pres|VerbForm=Fin|Voice=Act;_;_;_;@ko1985f-words#@ko1985f#590.773#591.206
83;матом;мат;NOUN;_;Animacy=Inan|Case=Ins|Gender=Masc|Number=Sing;_;_;_;@ko1985f-words#@ko1985f#591.206#591.64
84;мои;мой;DET;_;Case=Nom|Number=Plur;_;_;_;@ko1985f-words#@ko1985f#591.645#591.901
85;друзья;друг;NOUN;_;Animacy=Anim|Case=Nom|Gender=Masc|Number=Plur;_;_;_;@ko1985f-words#@ko1985f#591.901#592.157
86;при;при;ADP;_;_;_;_;_;@ko1985f-words#@ko1985f#592.157#592.413
87;нём;он;PRON;_;Case=Loc|Gender=Masc|Number=Sing|Person=3;_;_;_;@ko1985f-words#@ko1985f#592.413#592.669
88;тоже;тоже;ADV;_;_;_;_;_;@ko1985f-words#@ko1985f#592.669#592.925
89;по-моему;по-моему;ADV;_;_;_;_;_;@ko1985f-words#@ko1985f#592.925#593.181
90;не;не;PART;_;_;_;_;_;@ko1985f-words#@ko1985f#593.181#593.437
91;матерятся;материться;VERB;_;Aspect=Perf|Mood=Ind|Number=Plur|Person=3|Tense=Fut|VerbForm=Fin|Voice=Mid;_;_;_;@ko1985f-words#@ko1985f#593.437#593.7
92;и;и;CCONJ;_;_;_;_;_;@ko1985f-words#@ko1985f#593.7#594.25
93;ээ;ээ;INTJ;_;_;_;_;_;@ko1985f-words#@ko1985f#594.25#594.8
94;в;в;ADP;_;_;_;_;_;@ko1985f-words#@ko1985f#594.8#595.445
95;итоге;итог;NOUN;_;Animacy=Inan|Case=Loc|Gender=Masc|Number=Sing;_;_;_;@ko1985f-words#@ko1985f#595.445#596.09
96;он;он;PRON;_;Case=Nom|Gender=Masc|Number=Sing|Person=3;_;_;_;@ko1985f-words#@ko1985f#596.09#596.46
97;не;не;PART;_;_;_;_;_;@ko1985f-words#@ko1985f#596.46#596.83
98;матерится;материться;VERB;_;Aspect=Perf|Mood=Ind|Number=Sing|Person=3|Tense=Fut|VerbForm=Fin|Voice=Mid;_;_;_;@ko1985f-words#@ko1985f#596.83#597.2
99;и;и;PART;_;_;_;_;_;@ko1985f-words#@ko1985f#597.2#597.666
100;сейчас;сейчас;ADV;_;Degree=Pos;_;_;_;@ko1985f-words#@ko1985f#597.666#598.132
101;г;г;INTJ;_;_;_;_;_;@ko1985f-words#@ko1985f#598.132#598.6
102;если;если;SCONJ;_;_;_;_;_;@ko1985f-words#@ko1985f#598.6#598.858
103;я;я;PRON;_;Case=Nom|Number=Sing|Person=1;_;_;_;@ko1985f-words#@ko1985f#598.858#599.116
104;например;например;ADV;_;_;_;_;_;@ko1985f-words#@ko1985f#599.116#599.374
105;разговариваю;разговаривать;VERB;_;Aspect=Imp|Mood=Ind|Number=Sing|Person=1|Tense=Pres|VerbForm=Fin|Voice=Act;_;_;_;@ko1985f-words#@ko1985f#599.374#599.632
106;с;с;ADP;_;_;_;_;_;@ko1985f-words#@ko1985f#599.632#599.89
107;подругой;подруга;NOUN;_;Animacy=Anim|Case=Ins|Gender=Fem|Number=Sing;_;_;_;@ko1985f-words#@ko1985f#599.89#600.148
108;говорю;говорить;VERB;_;Aspect=Imp|Mood=Ind|Number=Sing|Person=1|Tense=Pres|VerbForm=Fin|Voice=Act;_;_;_;@ko1985f-words#@ko1985f#600.148#600.41
109;да;да;INTJ;_;_;_;_;_;@ko1985f-words#@ko1985f#600.41#600.658
110;там;там;ADV;_;_;_;_;_;@ko1985f-words#@ko1985f#600.658#600.906
111;жопа;жопа;ADJ;_;Animacy=Inanim|Case=Nom|Gender=Fem|Number=Sing;_;_;_;@ko1985f-words#@ko1985f#600.906#601.154
112;какая-то;какой-то;DET;_;Case=Nom|Gender=Fem|Number=Sing;_;_;_;@ko1985f-words#@ko1985f#601.154#601.405
113;он;он;PRON;_;Case=Nom|Gender=Masc|Number=Sing|Person=3;_;_;_;@ko1985f-words#@ko1985f#601.405#601.567
114;там;там;ADV;_;_;_;_;_;@ko1985f-words#@ko1985f#601.567#601.73
115;мамаа;мама;NOUN;_;Animacy=Inan|Case=Gen|Gender=Masc|Number=Sing;_;_;_;@ko1985f-words#@ko1985f#601.73#602.395
116;типа;тип;NOUN;_;Animacy=Inan|Case=Gen|Gender=Masc|Number=Sing;_;_;_;@ko1985f-words#@ko1985f#602.395#602.793
117;что;что;SCONJ;_;_;_;_;_;@ko1985f-words#@ko1985f#602.793#603.191
118;слово;слово;NOUN;_;Animacy=Inan|Case=Nom|Gender=Neut|Number=Sing;_;_;_;@ko1985f-words#@ko1985f#603.191#603.589
119;жопа;жопа;NOUN;_;Animacy=Inan|Case=Nom|Gender=Fem|Number=Sing;_;_;_;@ko1985f-words#@ko1985f#603.589#603.99
120;это;это;PRON;_;Animacy=Inan|Case=Acc|Gender=Neut|Number=Sing;_;_;_;@ko1985f-words#@ko1985f#603.99#604.326
121;ту;ту;X;_;Foreign=Yes;_;_;_;@ko1985f-words#@ko1985f#604.326#604.662
122;мач;мач;X;_;Foreign=Yes;_;_;_;@ko1985f-words#@ko1985f#604.662#605.0
123;ээ;ээ;INTJ;_;_;_;_;_;@ko1985f-words#@ko1985f#605.0#605.86
124;#смеётся#;#смеётся#;X;_;_;_;_;_;@ko1985f-words#@ko1985f#605.86#606.33
125;но;но;CCONJ;_;_;_;_;_;@ko1985f-words#@ko1985f#606.33#607.02
126;эм;эм;INTJ;_;_;_;_;_;@ko1985f-words#@ko1985f#607.02#608.41
127;год;год;NOUN;_;Animacy=Inan|Case=Acc|Gender=Masc|Number=Sing;_;_;_;@ko1985f-words#@ko1985f#608.41#608.807
128;назад;назад;ADV;_;_;_;_;_;@ko1985f-words#@ko1985f#608.807#609.204
129;мы;мы;PRON;_;Case=Nom|Number=Plur|Person=1;_;_;_;@ko1985f-words#@ko1985f#609.204#609.601
130;озвучивали;озвучивать;VERB;_;Aspect=Imp|Mood=Ind|Number=Plur|Tense=Past|VerbForm=Fin|Voice=Act;_;_;_;@ko1985f-words#@ko1985f#609.601#609.998
131;сериал;сериал;NOUN;_;Animacy=Inan|Case=Acc|Gender=Masc|Number=Sing;_;_;_;@ko1985f-words#@ko1985f#609.998#610.395
132;Видоизменённый;Видоизменённый;ADJ;_;Case=Acc|Degree=Pos|Gender=Masc|Number=Sing;_;_;_;@ko1985f-words#@ko1985f#610.395#610.792
133;углерод;углерод;PROPN;_;Animacy=Inan|Case=Acc|Gender=Masc|Number=Sing;_;_;_;@ko1985f-words#@ko1985f#610.792#611.19
134;э;э;INTJ;_;_;_;_;_;@ko1985f-words#@ko1985f#611.19#612.15
135;он;он;PRON;_;Case=Nom|Gender=Masc|Number=Sing|Person=3;_;_;_;@ko1985f-words#@ko1985f#612.15#612.6
136;жёсткий;жёсткий;ADJ;_;Case=Nom|Degree=Pos|Gender=Masc|Number=Sing;_;_;_;@ko1985f-words#@ko1985f#612.6#613.05
137;я;я;PRON;_;Case=Nom|Number=Sing|Person=1;_;_;_;@ko1985f-words#@ko1985f#613.05#613.635
138;ии;и;SCONJ;_;_;_;_;_;@ko1985f-words#@ko1985f#613.635#614.22
139;мне;я;PRON;_;Case=Dat|Number=Sing|Person=1;_;_;_;@ko1985f-words#@ko1985f#614.22#614.507
140;так;так;ADV;_;_;_;_;_;@ko1985f-words#@ko1985f#614.507#614.794
141;сильно;сильно;ADV;_;Degree=Pos;_;_;_;@ko1985f-words#@ko1985f#614.794#615.081
142;понравилась;понравиться;VERB;_;Aspect=Perf|Gender=Fem|Mood=Ind|Number=Sing|Tense=Past|VerbForm=Fin|Voice=Mid;_;_;_;@ko1985f-words#@ko1985f#615.081#615.368
143;первая;первый;ADJ;_;Case=Nom|Degree=Pos|Gender=Fem|Number=Sing;_;_;_;@ko1985f-words#@ko1985f#615.368#615.655
144;серия;серия;NOUN;_;Animacy=Inan|Case=Nom|Gender=Fem|Number=Sing;_;_;_;@ko1985f-words#@ko1985f#615.655#615.945
145;что;что;SCONJ;_;_;_;_;_;@ko1985f-words#@ko1985f#615.945#616.201
146;я;я;PRON;_;Case=Nom|Number=Sing|Person=1;_;_;_;@ko1985f-words#@ko1985f#616.201#616.457
147;пришла;прийти;VERB;_;Aspect=Perf|Gender=Fem|Mood=Ind|Number=Sing|Tense=Past|VerbForm=Fin|Voice=Act;_;_;_;@ko1985f-words#@ko1985f#616.457#616.715
148;домой;домой;NOUN;_;Animacy=Inan|Case=Loc|Gender=Fem|Number=Sing;_;_;_;@ko1985f-words#@ko1985f#616.72#617.55
149;и;и;CCONJ;_;_;_;_;_;@ko1985f-words#@ko1985f#617.55#617.97
150;включила;включить;VERB;_;Aspect=Perf|Gender=Fem|Mood=Ind|Number=Sing|Tense=Past|VerbForm=Fin|Voice=Act;_;_;_;@ko1985f-words#@ko1985f#617.97#618.23
151;её;она;PRON;_;Animacy=Inan|Case=Acc|Gender=Neut|Number=Sing;_;_;_;@ko1985f-words#@ko1985f#618.23#618.49
152;и;и;CCONJ;_;_;_;_;_;@ko1985f-words#@ko1985f#618.49#618.75
153;начала;начать;VERB;_;Aspect=Perf|Gender=Fem|Mood=Ind|Number=Sing|Tense=Past|VerbForm=Fin|Voice=Act;_;_;_;@ko1985f-words#@ko1985f#618.75#619.01
154;смотреть;смотреть;VERB;_;Aspect=Imp|VerbForm=Inf|Voice=Act;_;_;_;@ko1985f-words#@ko1985f#619.01#619.27
155;и;и;CCONJ;_;_;_;_;_;@ko1985f-words#@ko1985f#619.27#619.742
156;тут;тут;ADV;_;Degree=Pos;_;_;_;@ko1985f-words#@ko1985f#619.742#620.214
157;пришёл;прийти;VERB;_;Aspect=Perf|Gender=Masc|Mood=Ind|Number=Sing|Tense=Past|VerbForm=Fin|Voice=Act;_;_;_;@ko1985f-words#@ko1985f#620.214#620.686
158;Тёма;Тём;PROPN;_;Animacy=Anim|Case=Voc|Gender=Masc|Number=Sing;_;_;_;@ko1985f-words#@ko1985f#620.686#621.16
159;и;и;CCONJ;_;_;_;_;_;@ko1985f-words#@ko1985f#621.16#621.41
160;увидел;видеть;VERB;_;Aspect=Perf|Gender=Masc|Mood=Ind|Number=Sing|Tense=Past|VerbForm=Fin|Voice=Act;_;_;_;@ko1985f-words#@ko1985f#621.41#621.66
161;что;что;SCONJ;_;_;_;_;_;@ko1985f-words#@ko1985f#621.66#621.91
162;я;я;PRON;_;Case=Nom|Number=Sing|Person=1;_;_;_;@ko1985f-words#@ko1985f#621.91#622.16
163;его;он;PRON;_;Case=Acc|Number=Sing;_;_;_;@ko1985f-words#@ko1985f#622.16#622.41
164;смотрю;смотреть;VERB;_;Aspect=Imp|Mood=Ind|Number=Sing|Tense=Pres|VerbForm=Fin|Voice=Act;_;_;_;@ko1985f-words#@ko1985f#622.41#622.66
165;и;и;CCONJ;_;_;_;_;_;@ko1985f-words#@ko1985f#622.66#623.02
166;типа;тип;NOUN;_;Animacy=Inan|Case=Gen|Gender=Masc|Number=Sing;_;_;_;@ko1985f-words#@ko1985f#623.02#623.38
167;давай;давать;VERB;_;Aspect=Imp|Mood=Imp|Number=Sing|Person=2|VerbForm=Fin|Voice=Act;_;_;_;@ko1985f-words#@ko1985f#623.38#623.74
168;я;я;PRON;_;Case=Nom|Number=Sing|Person=1;_;_;_;@ko1985f-words#@ko1985f#623.745#623.917
169;тоже;тоже;ADV;_;_;_;_;_;@ko1985f-words#@ko1985f#623.917#624.089
170;хочу;хотеть;VERB;_;Aspect=Imp|Mood=Ind|Number=Sing|Person=1|Tense=Pres|VerbForm=Fin|Voice=Act;_;_;_;@ko1985f-words#@ko1985f#624.089#624.261
171;смотреть;смотреть;VERB;_;Aspect=Imp|VerbForm=Inf|Voice=Act;_;_;_;@ko1985f-words#@ko1985f#624.261#624.435
172;я;я;PRON;_;Case=Nom|Number=Sing|Person=1;_;_;_;@ko1985f-words#@ko1985f#624.445#624.596
173;говорю;говорить;VERB;_;Aspect=Imp|Mood=Ind|Number=Sing|Person=1|Tense=Pres|VerbForm=Fin|Voice=Act;_;_;_;@ko1985f-words#@ko1985f#624.596#624.747
174;Тём;от;PROPN;_;Animacy=Anim|Case=Voc|Gender=Masc|Number=Sing;_;_;_;@ko1985f-words#@ko1985f#624.747#624.9
175;там;там;ADV;_;_;_;_;_;@ko1985f-words#@ko1985f#624.9#625.175
176;есть;быть;VERB;_;Aspect=Imp|VerbForm=Inf|Voice=Act;_;_;_;@ko1985f-words#@ko1985f#625.175#625.45
177;плохие;плохой;ADJ;_;Animacy=Inan|Case=Nom|Degree=Pos|Number=Plur;_;_;_;@ko1985f-words#@ko1985f#625.45#625.725
178;слова;слово;NOUN;_;Animacy=Inan|Case=Nom|Gender=Neut|Number=Plur;_;_;_;@ko1985f-words#@ko1985f#625.725#626.0
179;он;он;PRON;_;Case=Nom|Gender=Masc|Number=Sing|Person=3;_;_;_;@ko1985f-words#@ko1985f#626.0#626.2
180;говорит;говорить;VERB;_;Aspect=Imp|Mood=Ind|Number=Sing|Person=3|Tense=Pres|VerbForm=Fin|Voice=Act;_;_;_;@ko1985f-words#@ko1985f#626.2#626.4
181;я;я;PRON;_;Case=Nom|Number=Sing|Person=1;_;_;_;@ko1985f-words#@ko1985f#626.4#626.6
182;всё;все;PRON;_;Animacy=Inan|Case=Acc|Gender=Neut|Number=Sing;_;_;_;@ko1985f-words#@ko1985f#626.6#626.8
183;знаю;знать;VERB;_;Aspect=Imp|Mood=Ind|Number=Sing|Person=1|Tense=Pres|VerbForm=Fin|Voice=Act;_;_;_;@ko1985f-words#@ko1985f#626.8#627.0
184;я;я;PRON;_;Case=Nom|Number=Sing|Person=1;_;_;_;@ko1985f-words#@ko1985f#627.005#627.264
185;не;не;PART;_;_;_;_;_;@ko1985f-words#@ko1985f#627.264#627.523
186;буду;быть;AUX;_;Aspect=Imp|Mood=Ind|Number=Sing|Person=1|Tense=Pres|VerbForm=Fin|Voice=Act;_;_;_;@ko1985f-words#@ko1985f#627.523#627.782
187;их;они;PRON;_;Case=Acc|Number=Plur|Person=3;_;_;_;@ko1985f-words#@ko1985f#627.782#628.041
188;запоминать;запоминать;VERB;_;Aspect=Imp|VerbForm=Inf|Voice=Act;_;_;_;@ko1985f-words#@ko1985f#628.041#628.3
189;пожалуйста;пожалуйста;ADV;_;_;_;_;_;@ko1985f-words#@ko1985f#628.3#628.725
190;там;там;ADV;_;_;_;_;_;@ko1985f-words#@ko1985f#628.725#629.15
191;очень;очень;ADV;_;_;_;_;_;@ko1985f-words#@ko1985f#629.15#629.575
192;интересно;интересный;ADJ;_;Degree=Pos|Gender=Neut|Number=Sing|Variant=Short;_;_;_;@ko1985f-words#@ko1985f#629.575#630.0
193;ну;ну;PART;_;_;_;_;_;@ko1985f-words#@ko1985f#630.0#630.236
194;короче;коротко;ADV;_;Degree=Cmp;_;_;_;@ko1985f-words#@ko1985f#630.236#630.472
195;мы;мы;PRON;_;Case=Nom|Number=Plur|Person=1;_;_;_;@ko1985f-words#@ko1985f#630.472#630.708
196;с;с;ADP;_;_;_;_;_;@ko1985f-words#@ko1985f#630.708#630.945
197;честно;честно;ADV;_;Degree=Pos;_;_;_;@ko1985f-words#@ko1985f#630.955#631.242
198;с;с;ADP;_;_;_;_;_;@ko1985f-words#@ko1985f#631.242#631.529
199;ним;он;PRON;_;Case=Ins|Gender=Masc|Number=Sing|Person=3;_;_;_;@ko1985f-words#@ko1985f#631.529#631.816
200;посмотрели;смотреть;VERB;_;Aspect=Perf|Mood=Ind|Number=Plur|Tense=Past|VerbForm=Fin|Voice=Act;_;_;_;@ko1985f-words#@ko1985f#631.816#632.105
201;одну;один;NUM;_;Case=Acc|Gender=Fem;_;_;_;@ko1985f-words#@ko1985f#632.105#632.542
202;серию;серия;NOUN;_;Animacy=Inan|Case=Acc|Gender=Fem|Number=Sing;_;_;_;@ko1985f-words#@ko1985f#632.542#632.979
203;Видоизменённого;Видоизменённый;ADJ;_;Case=Gen|Degree=Pos|Gender=Masc|Number=Sing;_;_;_;@ko1985f-words#@ko1985f#632.979#633.416
204;углерода;углерод;PROPN;_;Animacy=Inan|Case=Gen|Gender=Masc|Number=Sing;_;_;_;@ko1985f-words#@ko1985f#633.416#633.855
205;но;но;CCONJ;_;_;_;_;_;@ko1985f-words#@ko1985f#634.025#634.507
206;ничего;ничто;PRON;_;Case=Gen;_;_;_;@ko1985f-words#@ko1985f#634.507#634.989
207;не;не;PART;_;_;_;_;_;@ko1985f-words#@ko1985f#634.989#635.471
208;произошло;произошло;VERB;_;Aspect=Perf|Gender=Neut|Mood=Ind|Number=Sing|Tense=Past|VerbForm=Fin|Voice=Act;_;_;_;@ko1985f-words#@ko1985f#635.471#635.955
209;ничего;ничто;PRON;_;Case=Gen;_;_;_;@ko1985f-words#@ko1985f#635.965#636.355
210;реально;реально;ADV;_;Degree=Pos;_;_;_;@ko1985f-words#@ko1985f#636.355#636.745
211;не;не;PART;_;_;_;_;_;@ko1985f-words#@ko1985f#636.745#637.135
212;произошло;произойти;VERB;_;Aspect=Perf|Gender=Neut|Mood=Ind|Number=Sing|Tense=Past|VerbForm=Fin|Voice=Act;_;_;_;@ko1985f-words#@ko1985f#637.135#637.525
213;причем;причем;SCONJ;_;_;_;_;_;@ko1985f-words#@ko1985f#637.53#637.796
214;в;в;ADP;_;_;_;_;_;@ko1985f-words#@ko1985f#637.796#638.062
215;школе;школа;NOUN;_;Animacy=Inan|Case=Loc|Gender=Fem|Number=Sing;_;_;_;@ko1985f-words#@ko1985f#638.062#638.33
216;пацаны;пацан;NOUN;_;Animacy=Anim|Case=Nom|Gender=Masc|Number=Plur;_;_;_;@ko1985f-words#@ko1985f#638.335#638.701
217;очень;очень;ADV;_;_;_;_;_;@ko1985f-words#@ko1985f#638.701#639.067
218;сильно;сильно;ADV;_;Degree=Pos;_;_;_;@ko1985f-words#@ko1985f#639.067#639.433
219;матерятся;материться;VERB;_;Aspect=Imp|Mood=Ind|Number=Plur|Person=3|Tense=Pres|VerbForm=Fin|Voice=Mid;_;_;_;@ko1985f-words#@ko1985f#639.433#639.8
220;ха;ха;INTJ;_;_;_;_;_;@ko1985f-words#@ko1985f#639.8#640.134
221;самое;самый;ADJ;_;Case=Nom|Degree=Pos|Gender=Neut|Number=Sing;_;_;_;@ko1985f-words#@ko1985f#640.134#640.468
222;странное;странный;ADJ;_;Case=Nom|Degree=Pos|Gender=Neut|Number=Sing;_;_;_;@ko1985f-words#@ko1985f#640.468#640.802
223;знаешь;знать;VERB;_;Aspect=Imp|Mood=Ind|Number=Sing|Person=2|Tense=Pres|VerbForm=Fin|Voice=Act;_;_;_;@ko1985f-words#@ko1985f#640.802#641.136
224;что;что;PRON;_;Case=Acc|Gender=Neut;_;_;_;@ko1985f-words#@ko1985f#641.136#641.47
225;больше;больше;ADV;_;Degree=Cmp;_;_;_;@ko1985f-words#@ko1985f#641.47#642.148
226;всех;все;PRON;_;Animacy=Anim|Case=Gen|Number=Plur;_;_;_;@ko1985f-words#@ko1985f#642.148#642.826
227;матерятся;материться;VERB;_;Aspect=Imp|Mood=Ind|Number=Plur|Person=3|Tense=Pres|VerbForm=Fin|Voice=Mid;_;_;_;@ko1985f-words#@ko1985f#642.826#643.505
228;дети;ребенок;NOUN;_;Animacy=Anim|Case=Nom|Gender=Masc|Number=Plur;_;_;_;@ko1985f-words#@ko1985f#643.66#644.39
229;тех;тот;DET;_;Case=Gen|Number=Plur;_;_;_;@ko1985f-words#@ko1985f#644.54#644.88
230;мам;мама;NOUN;_;Animacy=Anim|Case=Gen|Gender=Fem|Number=Plur;_;_;_;@ko1985f-words#@ko1985f#644.88#645.22
231;которые;который;PRON;_;Case=Nom;_;_;_;@ko1985f-words#@ko1985f#645.22#645.56
232;очень;очень;ADV;_;_;_;_;_;@ko1985f-words#@ko1985f#645.56#645.9
233;правильные;правильный;ADJ;_;Case=Nom|Degree=Pos|Number=Plur;_;_;_;@ko1985f-words#@ko1985f#645.9#646.24
234;вот;вот;PART;_;_;_;_;_;@ko1985f-words#@ko1985f#646.535#647.095
235;это;это;PRON;_;Animacy=Inan|Case=Acc|Gender=Neut|Number=Sing;_;_;_;@ko1985f-words#@ko1985f#647.095#647.495
236;моё;емо;DET;_;Case=Acc|Gender=Neut|Number=Sing;_;_;_;@ko1985f-words#@ko1985f#647.495#647.895
237;наблюдение;наблюдение;NOUN;_;Animacy=Inan|Case=Nom|Gender=Neut|Number=Sing;_;_;_;@ko1985f-words#@ko1985f#647.895#648.295
238;даа;да;INTJ;_;_;_;_;_;@ko1985f-words#@ko1985f#651.095#651.525
239;компенсация;компенсация;NOUN;_;Animacy=Inan|Case=Nom|Gender=Fem|Number=Sing;_;_;_;@ko1985f-words#@ko1985f#651.615#652.635
240;вот;вот;PART;_;_;_;_;_;@ko1985f-words#@ko1985f#656.095#656.655
241;наверно;наверно;ADV;_;Degree=Pos;_;_;_;@ko1985f-words#@ko1985f#656.655#657.215
242;угухм;угу;INTJ;_;_;_;_;_;@ko1985f-words#@ko1985f#663.265#663.625
243;угухм;угу;INTJ;_;_;_;_;_;@ko1985f-words#@ko1985f#677.34#677.71
244;аэм;эм;INTJ;_;_;_;_;_;@ko1985f-words#@ko1985f#687.81#688.34
245;у;у;ADP;_;_;_;_;_;@ko1985f-words#@ko1985f#691.97#692.242
246;него;он;PRON;_;Case=Gen|Gender=Masc|Number=Sing|Person=3;_;_;_;@ko1985f-words#@ko1985f#692.242#692.514
247;тема;тема;NOUN;_;Animacy=Inan|Case=Nom|Gender=Fem|Number=Sing;_;_;_;@ko1985f-words#@ko1985f#692.514#692.786
248;секса;секс;NOUN;_;Animacy=Inan|Case=Gen|Gender=Masc|Number=Sing;_;_;_;@ko1985f-words#@ko1985f#692.786#693.058
249;покаа;пока;ADV;_;_;_;_;_;@ko1985f-words#@ko1985f#693.058#693.33
250;не;не;PART;_;_;_;_;_;@ko1985f-words#@ko1985f#693.33#693.885
251;активировалась;активировать;VERB;_;Aspect=Imp|Gender=Fem|Mood=Ind|Number=Sing|Tense=Past|VerbForm=Fin|Voice=Pass;_;_;_;@ko1985f-words#@ko1985f#693.885#694.44
252;причём;причем;SCONJ;_;_;_;_;_;@ko1985f-words#@ko1985f#694.44#694.89
253;у;у;ADP;_;_;_;_;_;@ko1985f-words#@ko1985f#694.89#695.34
254;его;он;PRON;_;Case=Gen|Gender=Masc|Number=Plur|Person=3;_;_;_;@ko1985f-words#@ko1985f#695.34#695.79
255;одноклассников;одноклассник;NOUN;_;Animacy=Anim|Case=Gen|Gender=Masc|Number=Plur;_;_;_;@ko1985f-words#@ko1985f#695.79#696.24
256;уже;уже;ADV;_;_;_;_;_;@ko1985f-words#@ko1985f#696.24#696.69
257;да;да;ADV;_;_;_;_;_;@ko1985f-words#@ko1985f#696.69#697.14
258;а;а;CCONJ;_;_;_;_;_;@ko1985f-words#@ko1985f#697.555#697.84
259;он;он;PRON;_;Case=Nom|Gender=Masc|Number=Sing|Person=3;_;_;_;@ko1985f-words#@ko1985f#697.84#698.125
260;типа;тип;NOUN;_;Animacy=Inan|Case=Gen|Gender=Masc|Number=Sing;_;_;_;@ko1985f-words#@ko1985f#698.145#698.995
261;он;он;PRON;_;Case=Nom|Gender=Masc|Number=Sing|Person=3;_;_;_;@ko1985f-words#@ko1985f#699.155#699.42
262;такой;такой;DET;_;Case=Nom|Gender=Masc|Number=Sing;_;_;_;@ko1985f-words#@ko1985f#699.42#699.685
263;типа;тип;NOUN;_;Animacy=Inan|Case=Gen|Gender=Masc|Number=Sing;_;_;_;@ko1985f-words#@ko1985f#699.685#699.95
264;а;а;CCONJ;_;_;_;_;_;@ko1985f-words#@ko1985f#699.95#700.242
265;чё;че;PART;_;_;_;_;_;@ko1985f-words#@ko1985f#700.242#700.535
266;ии;и;CCONJ;_;_;_;_;_;@ko1985f-words#@ko1985f#700.535#700.91
267;ну;ну;PART;_;_;_;_;_;@ko1985f-words#@ko1985f#700.91#701.174
268;его;он;PRON;_;Case=Acc|Gender=Masc|Number=Sing|Person=3;_;_;_;@ko1985f-words#@ko1985f#701.174#701.438
269;это;это;PRON;_;Animacy=Inan|Case=Nom|Gender=Neut|Number=Sing;_;_;_;@ko1985f-words#@ko1985f#701.438#701.702
270;не;не;PART;_;_;_;_;_;@ko1985f-words#@ko1985f#701.702#701.966
271;цепляет;цеплять;VERB;_;Aspect=Imp|Mood=Ind|Number=Sing|Person=3|Tense=Pres|VerbForm=Fin|Voice=Act;_;_;_;@ko1985f-words#@ko1985f#701.966#702.23
272;я;я;PRON;_;Case=Nom|Number=Sing|Person=1;_;_;_;@ko1985f-words#@ko1985f#702.585#702.822
273;не;не;PART;_;_;_;_;_;@ko1985f-words#@ko1985f#702.822#703.059
274;знаю;знать;VERB;_;Aspect=Imp|Mood=Ind|Number=Sing|Person=1|Tense=Pres|VerbForm=Fin|Voice=Act;_;_;_;@ko1985f-words#@ko1985f#703.059#703.296
275;я;я;PRON;_;Case=Nom|Number=Sing|Person=1;_;_;_;@ko1985f-words#@ko1985f#703.296#703.535
276;короче;коротко;ADV;_;Degree=Cmp;_;_;_;@ko1985f-words#@ko1985f#703.575#704.02
277;смотри;смотреть;VERB;_;Aspect=Imp|Mood=Imp|Number=Sing|Person=2|VerbForm=Fin|Voice=Act;_;_;_;@ko1985f-words#@ko1985f#704.02#704.465
278;это;это;PRON;_;Animacy=Inan|Case=Nom|Gender=Neut|Number=Sing;_;_;_;@ko1985f-words#@ko1985f#704.505#704.98
279;наверно;наверно;ADV;_;_;_;_;_;@ko1985f-words#@ko1985f#704.98#705.455
280;то;то;PRON;_;Animacy=Inan|Case=Nom|Gender=Neut|Number=Sing;_;_;_;@ko1985f-words#@ko1985f#705.515#705.745
281;то;то;PRON;_;Animacy=Inan|Case=Nom|Gender=Neut|Number=Sing;_;_;_;@ko1985f-words#@ko1985f#705.745#705.975
282;чем;что;PRON;_;Case=Ins;_;_;_;@ko1985f-words#@ko1985f#705.975#706.205
283;не;не;PART;_;_;_;_;_;@ko1985f-words#@ko1985f#706.205#706.435
284;надо;надо;ADV;_;_;_;_;_;@ko1985f-words#@ko1985f#706.435#706.665
285;гордиться;гордиться;VERB;_;Aspect=Imp|VerbForm=Inf|Voice=Mid;_;_;_;@ko1985f-words#@ko1985f#706.665#706.895
286;ну;ну;PART;_;_;_;_;_;@ko1985f-words#@ko1985f#706.91#707.082
287;вот;вот;PART;_;_;_;_;_;@ko1985f-words#@ko1985f#707.082#707.254
288;у;у;ADP;_;_;_;_;_;@ko1985f-words#@ko1985f#707.254#707.426
289;него;он;PRON;_;Case=Gen|Gender=Masc|Number=Sing|Person=3;_;_;_;@ko1985f-words#@ko1985f#707.426#707.598
290;есть;быть;VERB;_;Aspect=Imp|Mood=Ind|Number=Plur|Person=3|Tense=Pres|VerbForm=Fin|Voice=Act;_;_;_;@ko1985f-words#@ko1985f#707.598#707.77
291;там;там;ADV;_;_;_;_;_;@ko1985f-words#@ko1985f#707.77#707.942
292;эти;этот;DET;_;Case=Nom|Number=Plur;_;_;_;@ko1985f-words#@ko1985f#707.942#708.12
293;час;час;NOUN;_;Animacy=Inan|Case=Nom|Gender=Masc|Number=Sing;_;_;_;@ko1985f-words#@ko1985f#708.13#708.66
294;айпэда;айпэд;NOUN;_;Animacy=Inan|Case=Gen|Gender=Masc|Number=Sing|Foreign=Yes;_;_;_;@ko1985f-words#@ko1985f#708.66#709.19
295;в;в;ADP;_;_;_;_;_;@ko1985f-words#@ko1985f#709.235#709.545
296;день;день;NOUN;_;Animacy=Inan|Case=Acc|Gender=Masc|Number=Sing;_;_;_;@ko1985f-words#@ko1985f#709.545#709.855
297;и;и;CCONJ;_;_;_;_;_;@ko1985f-words#@ko1985f#709.86#710.113
298;я;я;PRON;_;Case=Nom|Number=Sing|Person=1;_;_;_;@ko1985f-words#@ko1985f#710.113#710.366
299;не;не;PART;_;_;_;_;_;@ko1985f-words#@ko1985f#710.366#710.619
300;контролирую;контролировать;VERB;_;Aspect=Imp|Mood=Ind|Number=Sing|Person=1|Tense=Pres|VerbForm=Fin|Voice=Act;_;_;_;@ko1985f-words#@ko1985f#710.619#710.872
301;что;что;SCONJ;_;_;_;_;_;@ko1985f-words#@ko1985f#710.872#711.125
302;он;он;PRON;_;Case=Nom|Gender=Masc|Number=Sing|Person=3;_;_;_;@ko1985f-words#@ko1985f#711.125#711.378
303;там;там;ADV;_;_;_;_;_;@ko1985f-words#@ko1985f#711.378#711.631
304;смотрит;смотреть;VERB;_;Aspect=Imp|Mood=Ind|Number=Sing|Person=3|Tense=Pres|VerbForm=Fin|Voice=Act;_;_;_;@ko1985f-words#@ko1985f#711.631#711.89
305;аа;а;INTJ;_;_;_;_;_;@ko1985f-words#@ko1985f#713.14#714.08
306;я;я;PRON;_;Case=Nom|Number=Sing|Person=1;_;_;_;@ko1985f-words#@ko1985f#714.085#714.336
307;знаю;знать;VERB;_;Aspect=Imp|Mood=Ind|Number=Sing|Person=1|Tense=Pres|VerbForm=Fin|Voice=Act;_;_;_;@ko1985f-words#@ko1985f#714.336#714.587
308;что;что;SCONJ;_;_;_;_;_;@ko1985f-words#@ko1985f#714.587#714.838
309;он;он;PRON;_;Case=Nom|Gender=Masc|Number=Sing|Person=3;_;_;_;@ko1985f-words#@ko1985f#714.838#715.089
310;смотрит;смотреть;VERB;_;Aspect=Imp|Mood=Ind|Number=Sing|Person=3|Tense=Pres|VerbForm=Fin|Voice=Act;_;_;_;@ko1985f-words#@ko1985f#715.089#715.34
311;э;э;INTJ;_;_;_;_;_;@ko1985f-words#@ko1985f#715.34#715.641
312;лэтсплэи;лэтсплэй;NOUN;_;Animacy=Inan|Case=Acc|Gender=Masc|Number=Plur|Foreign=Yes;_;_;_;@ko1985f-words#@ko1985f#715.641#715.942
313;кажется;казаться;VERB;_;Aspect=Imp|Mood=Ind|Number=Sing|Person=3|Tense=Pres|VerbForm=Fin|Voice=Mid;_;_;_;@ko1985f-words#@ko1985f#715.942#716.243
314;это;это;PRON;_;Animacy=Inan|Case=Nom|Gender=Neut|Number=Sing;_;_;_;@ko1985f-words#@ko1985f#716.243#716.544
315;так;так;ADV;_;_;_;_;_;@ko1985f-words#@ko1985f#716.544#716.845
316;называется;называться;VERB;_;Aspect=Imp|Mood=Ind|Number=Sing|Person=3|Tense=Pres|VerbForm=Fin|Voice=Mid;_;_;_;@ko1985f-words#@ko1985f#716.845#717.15
317;то;то;PRON;_;Animacy=Inan|Case=Nom|Gender=Neut|Number=Sing;_;_;_;@ko1985f-words#@ko1985f#717.15#717.455
318;есть;быть;VERB;_;Aspect=Imp|Mood=Ind|Number=Sing|Person=3|Tense=Pres|VerbForm=Fin|Voice=Act;_;_;_;@ko1985f-words#@ko1985f#717.455#717.76
319;как;как;SCONJ;_;_;_;_;_;@ko1985f-words#@ko1985f#717.76#718.065
320;там;там;ADV;_;_;_;_;_;@ko1985f-words#@ko1985f#718.065#718.37
321;кто-то;кто-то;PRON;_;Case=Nom;_;_;_;@ko1985f-words#@ko1985f#718.37#718.675
322;во;в;ADP;_;_;_;_;_;@ko1985f-words#@ko1985f#718.675#718.98
323;что-то;что-то;PRON;_;Case=Acc;_;_;_;@ko1985f-words#@ko1985f#718.98#719.285
324;играет;играть;VERB;_;Aspect=Imp|Mood=Ind|Number=Sing|Person=3|Tense=Pres|VerbForm=Fin|Voice=Act;_;_;_;@ko1985f-words#@ko1985f#719.285#719.59
325;#вздыхает#;#вздыхает#;X;_;_;_;_;_;@ko1985f-words#@ko1985f#719.71#720.21
326;а;а;INTJ;_;_;_;_;_;@ko1985f-words#@ko1985f#720.245#720.635
327;но;но;CCONJ;_;_;_;_;_;@ko1985f-words#@ko1985f#720.645#720.883
328;в;в;ADP;_;_;_;_;_;@ko1985f-words#@ko1985f#720.883#721.121
329;том;тот;DET;_;Case=Loc|Gender=Neut|Number=Sing;_;_;_;@ko1985f-words#@ko1985f#721.121#721.359
330;числе;число;NOUN;_;Animacy=Inan|Case=Loc|Gender=Neut|Number=Sing;_;_;_;@ko1985f-words#@ko1985f#721.359#721.6
331;он;он;PRON;_;Case=Nom|Gender=Masc|Number=Sing|Person=3;_;_;_;@ko1985f-words#@ko1985f#721.6#721.942
332;смотрит;смотреть;VERB;_;Aspect=Imp|Mood=Ind|Number=Sing|Person=3|Tense=Pres|VerbForm=Fin|Voice=Act;_;_;_;@ko1985f-words#@ko1985f#721.942#722.284
333;и;и;PART;_;_;_;_;_;@ko1985f-words#@ko1985f#722.284#722.626
334;какие-то;какой-то;DET;_;Case=Acc|Number=Plur;_;_;_;@ko1985f-words#@ko1985f#722.626#722.968
335;передачи;передача;NOUN;_;Animacy=Inan|Case=Acc|Gender=Fem|Number=Plur;_;_;_;@ko1985f-words#@ko1985f#722.968#723.31
336;с;с;ADP;_;_;_;_;_;@ko1985f-words#@ko1985f#723.32#723.833
337;логическими;логический;ADJ;_;Case=Ins|Degree=Pos|Number=Plur;_;_;_;@ko1985f-words#@ko1985f#723.833#724.346
338;задачами;задача;NOUN;_;Animacy=Inan|Case=Ins|Gender=Fem|Number=Plur;_;_;_;@ko1985f-words#@ko1985f#724.346#724.86
339;э;э;INTJ;_;_;_;_;_;@ko1985f-words#@ko1985f#724.915#725.112
340;то;то;PRON;_;Animacy=Inan|Case=Nom|Gender=Neut|Number=Sing;_;_;_;@ko1985f-words#@ko1985f#725.112#725.309
341;есть;быть;VERB;_;Aspect=Imp|Mood=Ind|Number=Sing|Person=3|Tense=Pres|VerbForm=Fin|Voice=Act;_;_;_;@ko1985f-words#@ko1985f#725.309#725.506
342;там;там;ADV;_;_;_;_;_;@ko1985f-words#@ko1985f#725.506#725.705
343;пришёл;прийти;VERB;_;Aspect=Perf|Gender=Masc|Mood=Ind|Number=Sing|Tense=Past|VerbForm=Fin|Voice=Act;_;_;_;@ko1985f-words#@ko1985f#725.82#726.425
344;следователь;следователь;NOUN;_;Animacy=Anim|Case=Nom|Gender=Masc|Number=Sing;_;_;_;@ko1985f-words#@ko1985f#726.425#727.03
345;увидел;видеть;VERB;_;Aspect=Perf|Gender=Masc|Mood=Ind|Number=Sing|Tense=Past|VerbForm=Fin|Voice=Act;_;_;_;@ko1985f-words#@ko1985f#727.04#727.345
346;то-то;то-то;PRON;_;Animacy=Inan|Case=Acc|Gender=Neut|Number=Sing;_;_;_;@ko1985f-words#@ko1985f#727.345#727.65
347;он;он;PRON;_;Case=Nom|Gender=Masc|Number=Sing|Person=3;_;_;_;@ko1985f-words#@ko1985f#727.65#727.87
348;потом;потом;ADV;_;_;_;_;_;@ko1985f-words#@ko1985f#727.87#728.09
349;их;они;PRON;_;Case=Gen|Number=Plur|Person=3;_;_;_;@ko1985f-words#@ko1985f#728.09#728.31
350;мне;я;PRON;_;Case=Dat|Number=Sing|Person=1;_;_;_;@ko1985f-words#@ko1985f#728.31#728.53
351;в;в;ADP;_;_;_;_;_;@ko1985f-words#@ko1985f#728.53#728.75
352;машине;машина;NOUN;_;Animacy=Inan|Case=Loc|Gender=Fem|Number=Sing;_;_;_;@ko1985f-words#@ko1985f#728.75#728.97
353;задаёт;задавать;VERB;_;Aspect=Imp|Mood=Ind|Number=Sing|Person=3|Tense=Pres|VerbForm=Fin|Voice=Act;_;_;_;@ko1985f-words#@ko1985f#728.97#729.19
354;я;я;PRON;_;Case=Nom|Number=Sing|Person=1;_;_;_;@ko1985f-words#@ko1985f#729.19#729.41
355;не;не;PART;_;_;_;_;_;@ko1985f-words#@ko1985f#729.41#729.63
356;могу;мочь;VERB;_;Aspect=Imp|Mood=Ind|Number=Sing|Person=1|Tense=Pres|VerbForm=Fin|Voice=Act;_;_;_;@ko1985f-words#@ko1985f#729.63#729.85
357;их;они;PRON;_;Case=Gen|Number=Plur|Person=3;_;_;_;@ko1985f-words#@ko1985f#729.85#730.07
358;решить;решить;VERB;_;Aspect=Perf|VerbForm=Inf|Voice=Act;_;_;_;@ko1985f-words#@ko1985f#730.07#730.29
359;ну;ну;PART;_;_;_;_;_;@ko1985f-words#@ko1985f#730.29#730.526
360;в;в;ADP;_;_;_;_;_;@ko1985f-words#@ko1985f#730.526#730.762
361;общем;общий;ADJ;_;Case=Loc|Degree=Pos|Gender=Neut|Number=Sing;_;_;_;@ko1985f-words#@ko1985f#730.762#731.0
362;он;он;PRON;_;Case=Nom|Gender=Masc|Number=Sing|Person=3;_;_;_;@ko1985f-words#@ko1985f#731.03#731.456
363;выбирает;выбирать;VERB;_;Aspect=Imp|Mood=Ind|Number=Sing|Person=3|Tense=Pres|VerbForm=Fin|Voice=Act;_;_;_;@ko1985f-words#@ko1985f#731.456#731.882
364;сам;сам;PRON;_;Gender=Masc|Number=Sing;_;_;_;@ko1985f-words#@ko1985f#731.882#732.31
365;э;э;INTJ;_;_;_;_;_;@ko1985f-words#@ko1985f#732.32#732.607
366;и;и;CCONJ;_;_;_;_;_;@ko1985f-words#@ko1985f#732.607#732.894
367;выбирает;выбирать;VERB;_;Aspect=Imp|Mood=Ind|Number=Sing|Person=3|Tense=Pres|VerbForm=Fin|Voice=Act;_;_;_;@ko1985f-words#@ko1985f#732.894#733.181
368;э;э;INTJ;_;_;_;_;_;@ko1985f-words#@ko1985f#733.181#733.47
369;что-то;что-то;PRON;_;Case=Acc|Gender=Neut;_;_;_;@ko1985f-words#@ko1985f#733.485#733.84
370;что;что;SCONJ;_;_;_;_;_;@ko1985f-words#@ko1985f#733.84#734.195
371;ему;он;PRON;_;Case=Dat|Gender=Masc|Number=Sing|Person=3;_;_;_;@ko1985f-words#@ko1985f#734.195#734.55
372;нравится;нравиться;VERB;_;Aspect=Imp|Mood=Ind|Number=Sing|Person=3|Tense=Pres|VerbForm=Fin|Voice=Mid;_;_;_;@ko1985f-words#@ko1985f#734.55#734.905
373;но;но;CCONJ;_;_;_;_;_;@ko1985f-words#@ko1985f#734.91#735.165
374;что-то;что-то;PRON;_;Case=Acc;_;_;_;@ko1985f-words#@ko1985f#735.165#735.42
375;и;и;CCONJ;_;_;_;_;_;@ko1985f-words#@ko1985f#735.42#735.675
376;полезное;полезный;ADJ;_;Case=Nom|Degree=Pos|Gender=Neut|Number=Sing;_;_;_;@ko1985f-words#@ko1985f#735.675#735.93
377;он;он;PRON;_;Case=Nom|Gender=Masc|Number=Sing|Person=3;_;_;_;@ko1985f-words#@ko1985f#735.93#736.185
378;сам;сам;PRON;_;Gender=Masc|Number=Sing;_;_;_;@ko1985f-words#@ko1985f#736.185#736.44
379;выбирает;выбирать;VERB;_;Aspect=Imp|Mood=Ind|Number=Sing|Person=3|Tense=Pres|VerbForm=Fin|Voice=Act;_;_;_;@ko1985f-words#@ko1985f#736.44#736.7
380;с;с;ADP;_;_;_;_;_;@ko1985f-words#@ko1985f#737.0#737.323
381;папой;папа;NOUN;_;Animacy=Anim|Case=Ins|Gender=Masc|Number=Sing;_;_;_;@ko1985f-words#@ko1985f#737.323#737.646
382;они;они;PRON;_;Case=Nom|Number=Plur|Person=3;_;_;_;@ko1985f-words#@ko1985f#737.646#737.969
383;смотрят;смотреть;VERB;_;Aspect=Imp|Mood=Ind|Number=Plur|Person=3|Tense=Pres|VerbForm=Fin|Voice=Act;_;_;_;@ko1985f-words#@ko1985f#737.969#738.292
384;у;у;ADP;_;_;_;_;_;@ko1985f-words#@ko1985f#738.292#738.615
385;него;он;PRON;_;Case=Gen|Gender=Masc|Number=Sing|Person=3;_;_;_;@ko1985f-words#@ko1985f#738.615#738.938
386;дома;дома;NOUN;_;Animacy=Inan|Case=Loc|Gender=Masc|Number=Sing;_;_;_;@ko1985f-words#@ko1985f#738.938#739.261
387;какой-то;какой-то;DET;_;Case=Acc|Gender=Masc|Number=Sing;_;_;_;@ko1985f-words#@ko1985f#739.261#739.584
388;нэйшнл;нэйшнл;PROPN;_;Foreign=Yes;_;_;_;@ko1985f-words#@ko1985f#739.584#739.907
389;джиографик;джиографик;PROPN;_;Foreign=Yes;_;_;_;@ko1985f-words#@ko1985f#739.907#740.23
390;он;он;PRON;_;Case=Nom|Gender=Masc|Number=Sing|Person=3;_;_;_;@ko1985f-words#@ko1985f#740.23#740.593
391;мне;я;PRON;_;Case=Dat|Number=Sing|Person=1;_;_;_;@ko1985f-words#@ko1985f#740.593#740.956
392;рассказывает;рассказывать;VERB;_;Aspect=Imp|Mood=Ind|Number=Sing|Person=3|Tense=Pres|VerbForm=Fin|Voice=Act;_;_;_;@ko1985f-words#@ko1985f#740.956#741.32
393;мм;м;INTJ;_;_;_;_;_;@ko1985f-words#@ko1985f#741.44#742.31
394;как;как;SCONJ;_;_;_;_;_;@ko1985f-words#@ko1985f#742.33#742.712
395;волки;волк;NOUN;_;Animacy=Anim|Case=Nom|Gender=Masc|Number=Plur;_;_;_;@ko1985f-words#@ko1985f#742.712#743.094
396;проваливаются;проваливать;VERB;_;Aspect=Imp|Mood=Ind|Number=Plur|Person=3|Tense=Pres|VerbForm=Fin|Voice=Mid;_;_;_;@ko1985f-words#@ko1985f#743.094#743.476
397;под;под;ADP;_;_;_;_;_;@ko1985f-words#@ko1985f#743.476#743.858
398;снег;снег;NOUN;_;Animacy=Inan|Case=Acc|Gender=Masc|Number=Sing;_;_;_;@ko1985f-words#@ko1985f#743.858#744.24
399;не;не;PART;_;_;_;_;_;@ko1985f-words#@ko1985f#744.24#744.626
400;могут;мочь;VERB;_;Aspect=Imp|Mood=Ind|Number=Plur|Person=3|Tense=Pres|VerbForm=Fin|Voice=Act;_;_;_;@ko1985f-words#@ko1985f#744.626#745.012
401;выбраться;выбраться;VERB;_;Aspect=Perf|VerbForm=Inf|Voice=Mid;_;_;_;@ko1985f-words#@ko1985f#745.012#745.4
402;в;в;ADP;_;_;_;_;_;@ko1985f-words#@ko1985f#745.4#745.915
403;общем;общий;ADJ;_;Case=Dat|Gender=Masc|Number=Sing;_;_;_;@ko1985f-words#@ko1985f#745.915#746.43
404;короче;коротко;ADV;_;Degree=Cmp;_;_;_;@ko1985f-words#@ko1985f#746.43#746.85
405;он;он;PRON;_;Case=Nom|Gender=Masc|Number=Sing|Person=3;_;_;_;@ko1985f-words#@ko1985f#746.85#747.27
406;решает;решать;VERB;_;Aspect=Imp|Mood=Ind|Number=Sing|Person=3|Tense=Pres|VerbForm=Fin|Voice=Act;_;_;_;@ko1985f-words#@ko1985f#747.27#747.69
407;эти;этот;DET;_;Case=Acc|Number=Plur;_;_;_;@ko1985f-words#@ko1985f#747.69#748.01
408;полтора;полтора;NUM;_;Case=Acc|Gender=Masc;_;_;_;@ko1985f-words#@ko1985f#748.01#748.33
409;часа;час;NOUN;_;Animacy=Inan|Case=Gen|Gender=Masc|Number=Sing;_;_;_;@ko1985f-words#@ko1985f#748.33#748.65
410;я;я;PRON;_;Case=Nom|Number=Sing|Person=1;_;_;_;@ko1985f-words#@ko1985f#748.65#748.97
411;не;не;PART;_;_;_;_;_;@ko1985f-words#@ko1985f#748.97#749.29
412;контролирую;контролировать;VERB;_;Aspect=Imp|Mood=Ind|Number=Sing|Person=1|Tense=Pres|VerbForm=Fin|Voice=Act;_;_;_;@ko1985f-words#@ko1985f#749.29#749.61
413;короче;коротко;ADV;_;Degree=Cmp;_;_;_;@ko1985f-words#@ko1985f#761.49#761.671
414;я;я;PRON;_;Case=Nom|Number=Sing|Person=1;_;_;_;@ko1985f-words#@ko1985f#761.671#761.852
415;не;не;PART;_;_;_;_;_;@ko1985f-words#@ko1985f#761.852#762.033
416;я;я;PRON;_;Case=Nom|Number=Sing|Person=1;_;_;_;@ko1985f-words#@ko1985f#762.033#762.214
417;не;не;PART;_;_;_;_;_;@ko1985f-words#@ko1985f#762.214#762.395
418;верю;верить;VERB;_;Aspect=Imp|Mood=Ind|Number=Sing|Person=1|Tense=Pres|VerbForm=Fin|Voice=Act;_;_;_;@ko1985f-words#@ko1985f#762.395#762.576
419;тоже;тоже;ADV;_;_;_;_;_;@ko1985f-words#@ko1985f#762.576#762.757
420;что;что;PRON;_;Case=Acc;_;_;_;@ko1985f-words#@ko1985f#762.757#762.94
421;он;он;PRON;_;Case=Nom|Gender=Masc|Number=Sing|Person=3;_;_;_;@ko1985f-words#@ko1985f#762.94#763.227
422;чё-то;что-то;ADV;_;Case=Acc|Number=Sing;_;_;_;@ko1985f-words#@ko1985f#763.227#763.514
423;там;там;ADV;_;_;_;_;_;@ko1985f-words#@ko1985f#763.514#763.801
424;найдёт;найти;VERB;_;Aspect=Perf|Mood=Ind|Number=Sing|Person=3|Tense=Fut|VerbForm=Fin|Voice=Act;_;_;_;@ko1985f-words#@ko1985f#763.801#764.088
425;такое;такой;DET;_;Case=Acc|Gender=Neut|Number=Sing;_;_;_;@ko1985f-words#@ko1985f#764.088#764.375
426;дико;дико;ADV;_;_;_;_;_;@ko1985f-words#@ko1985f#764.375#764.662
427;травмирующее;травмировать;ADJ;_;Case=Acc|Degree=Pos|Gender=Neut|Number=Sing;_;_;_;@ko1985f-words#@ko1985f#764.662#764.955
428;нет;нет;PART;_;_;_;_;_;@ko1985f-words#@ko1985f#764.955#765.27
429;или;или;CCONJ;_;_;_;_;_;@ko1985f-words#@ko1985f#765.27#765.645
430;найдёт;найти;VERB;_;Aspect=Perf|Mood=Ind|Number=Sing|Person=3|Tense=Fut|VerbForm=Fin|Voice=Act;_;_;_;@ko1985f-words#@ko1985f#765.645#766.02
431;да;да;PART;_;_;_;_;_;@ko1985f-words#@ko1985f#771.33#771.95
432;да;да;PART;_;_;_;_;_;@ko1985f-words#@ko1985f#774.28#774.84
433;да;да;PART;_;_;_;_;_;@ko1985f-words#@ko1985f#795.09#795.57
434;да;да;PART;_;_;_;_;_;@ko1985f-words#@ko1985f#800.165#800.585
435;вообще;вообще;ADV;_;_;_;_;_;@ko1985f-words#@ko1985f#811.01#811.426
436;знаешь;знать;VERB;_;Aspect=Imp|Mood=Ind|Number=Sing|Person=2|Tense=Pres|VerbForm=Fin|Voice=Act;_;_;_;@ko1985f-words#@ko1985f#811.426#811.842
437;что;что;PRON;_;Case=Acc;_;_;_;@ko1985f-words#@ko1985f#811.842#812.26
438;моя;мой;DET;_;Case=Nom|Gender=Fem|Number=Sing;_;_;_;@ko1985f-words#@ko1985f#812.26#812.586
439;мысль;мысль;NOUN;_;Animacy=Inan|Case=Nom|Gender=Fem|Number=Sing;_;_;_;@ko1985f-words#@ko1985f#812.586#812.912
440;про;про;ADP;_;_;_;_;_;@ko1985f-words#@ko1985f#812.912#813.238
441;это;это;PRON;_;Animacy=Inan|Case=Acc|Gender=Neut|Number=Sing;_;_;_;@ko1985f-words#@ko1985f#813.238#813.564
442;ещё;еще;ADV;_;_;_;_;_;@ko1985f-words#@ko1985f#813.564#813.89
443;вот;вот;PART;_;_;_;_;_;@ko1985f-words#@ko1985f#813.89#814.275
444;такая;такой;DET;_;Case=Nom|Gender=Fem|Number=Sing;_;_;_;@ko1985f-words#@ko1985f#814.275#814.66
445;чтоо;что;SCONJ;_;_;_;_;_;@ko1985f-words#@ko1985f#814.98#815.68
446;родитель;родитель;NOUN;_;Animacy=Anim|Case=Nom|Gender=Masc|Number=Sing;_;_;_;@ko1985f-words#@ko1985f#815.79#817.06
447;должен;должен;ADV;_;_;_;_;_;@ko1985f-words#@ko1985f#817.06#817.597
448;сформировать;сформировать;VERB;_;Aspect=Perf|VerbForm=Inf|Voice=Act;_;_;_;@ko1985f-words#@ko1985f#817.597#818.134
449;у;у;ADP;_;_;_;_;_;@ko1985f-words#@ko1985f#818.134#818.671
450;ребёнка;ребенок;NOUN;_;Animacy=Anim|Case=Gen|Gender=Masc|Number=Sing;_;_;_;@ko1985f-words#@ko1985f#818.671#819.21
451;ам;э;INTJ;_;_;_;_;_;@ko1985f-words#@ko1985f#820.16#820.97
452;в;в;ADP;_;_;_;_;_;@ko1985f-words#@ko1985f#820.97#821.476
453;реальной;реальный;ADJ;_;Case=Loc|Degree=Pos|Gender=Fem|Number=Sing;_;_;_;@ko1985f-words#@ko1985f#821.476#821.982
454;жизни;жизнь;NOUN;_;Animacy=Inan|Case=Loc|Gender=Fem|Number=Sing;_;_;_;@ko1985f-words#@ko1985f#821.982#822.49
455;какой-то;какой-то;DET;_;Case=Gen|Gender=Fem|Number=Sing;_;_;_;@ko1985f-words#@ko1985f#822.54#823.186
456;круг;круг;NOUN;_;Animacy=Inan|Case=Acc|Gender=Masc|Number=Sing;_;_;_;@ko1985f-words#@ko1985f#823.186#823.832
457;интересов;интерес;NOUN;_;Animacy=Inan|Case=Gen|Gender=Masc|Number=Plur;_;_;_;@ko1985f-words#@ko1985f#823.832#824.48
458;который;который;PRON;_;Case=Nom;_;_;_;@ko1985f-words#@ko1985f#825.37#825.795
459;ну;ну;PART;_;_;_;_;_;@ko1985f-words#@ko1985f#825.795#826.22
460;впоследствии;впоследствии;ADV;_;_;_;_;_;@ko1985f-words#@ko1985f#826.22#826.567
461;отразится;отразиться;VERB;_;Aspect=Perf|Mood=Ind|Number=Sing|Person=3|Tense=Fut|VerbForm=Fin|Voice=Mid;_;_;_;@ko1985f-words#@ko1985f#826.567#826.914
462;и;и;CCONJ;_;_;_;_;_;@ko1985f-words#@ko1985f#826.914#827.261
463;на;на;ADP;_;_;_;_;_;@ko1985f-words#@ko1985f#827.261#827.608
464;его;его;DET;_;_;_;_;_;@ko1985f-words#@ko1985f#827.608#827.955
465;сёрчах;сёрч;NOUN;_;Animacy=Inan|Case=Abl|Gender=Fem|Number=Plur|Foreign=Yes;_;_;_;@ko1985f-words#@ko1985f#827.955#828.302
466;в;в;ADP;_;_;_;_;_;@ko1985f-words#@ko1985f#828.302#828.649
467;интернете;интернет;NOUN;_;Animacy=Inan|Case=Loc|Gender=Masc|Number=Sing;_;_;_;@ko1985f-words#@ko1985f#828.649#829.0
468;ну;ну;PART;_;_;_;_;_;@ko1985f-words#@ko1985f#829.37#829.655
469;то;то;PRON;_;Animacy=Inan|Case=Nom|Gender=Neut|Number=Sing;_;_;_;@ko1985f-words#@ko1985f#829.655#829.94
470;есть;быть;VERB;_;Aspect=Imp|Mood=Ind|Number=Sing|Person=3|Tense=Pres|VerbForm=Fin|Voice=Act;_;_;_;@ko1985f-words#@ko1985f#829.94#830.225
471;эмм;э;INTJ;_;_;_;_;_;@ko1985f-words#@ko1985f#830.225#830.51
472;вот;вот;PART;_;_;_;_;_;@ko1985f-words#@ko1985f#831.1#831.545
473;окей;окей;INTJ;_;_;_;_;_;@ko1985f-words#@ko1985f#831.545#831.99
474;я;я;PRON;_;Case=Nom|Number=Sing|Person=1;_;_;_;@ko1985f-words#@ko1985f#832.0#832.211
475;знаю;знать;VERB;_;Aspect=Imp|Mood=Ind|Number=Sing|Person=1|Tense=Pres|VerbForm=Fin|Voice=Act;_;_;_;@ko1985f-words#@ko1985f#832.211#832.422
476;что;что;SCONJ;_;_;_;_;_;@ko1985f-words#@ko1985f#832.422#832.633
477;у;у;ADP;_;_;_;_;_;@ko1985f-words#@ko1985f#832.633#832.844
478;него;он;PRON;_;Case=Gen|Gender=Masc|Number=Sing|Person=3;_;_;_;@ko1985f-words#@ko1985f#832.844#833.055
479;есть;быть;VERB;_;Aspect=Imp|Mood=Ind|Number=Sing|Person=3|Tense=Pres|VerbForm=Fin|Voice=Act;_;_;_;@ko1985f-words#@ko1985f#833.055#833.266
480;там;там;ADV;_;_;_;_;_;@ko1985f-words#@ko1985f#833.266#833.477
481;этот;этот;DET;_;Case=Nom|Gender=Masc|Number=Sing;_;_;_;@ko1985f-words#@ko1985f#833.477#833.688
482;час;час;NOUN;_;Animacy=Inan|Case=Nom|Gender=Masc|Number=Sing;_;_;_;@ko1985f-words#@ko1985f#833.688#833.9
483;в;в;ADP;_;_;_;_;_;@ko1985f-words#@ko1985f#834.02#834.354
484;будни;будни;NUM;_;Animacy=Inan|Case=Acc|Number=Plur;_;_;_;@ko1985f-words#@ko1985f#834.354#834.688
485;полтора;полтора;NUM;_;Case=Nom|Number=Plur;_;_;_;@ko1985f-words#@ko1985f#834.688#835.022
486;на;на;ADP;_;_;_;_;_;@ko1985f-words#@ko1985f#835.022#835.356
487;выходных;выходной;NOUN;_;Animacy=Inan|Case=Loc|Gender=Masc|Number=Plur;_;_;_;@ko1985f-words#@ko1985f#835.356#835.69
488;э;э;INTJ;_;_;_;_;_;@ko1985f-words#@ko1985f#835.86#836.525
489;планшета;планшет;NOUN;_;Animacy=Inan|Case=Gen|Gender=Masc|Number=Sing;_;_;_;@ko1985f-words#@ko1985f#836.525#837.19
490;но;но;CCONJ;_;_;_;_;_;@ko1985f-words#@ko1985f#837.22#837.552
491;всё;весь;DET;_;Case=Acc|Gender=Neut|Number=Sing;_;_;_;@ko1985f-words#@ko1985f#837.552#837.884
492;остальное;остальной;ADJ;_;Case=Acc|Degree=Pos|Gender=Neut|Number=Sing;_;_;_;@ko1985f-words#@ko1985f#837.884#838.216
493;время;время;NOUN;_;Animacy=Inan|Case=Acc|Gender=Neut|Number=Sing;_;_;_;@ko1985f-words#@ko1985f#838.216#838.55
494;моя;мой;DET;_;Case=Nom|Gender=Fem|Number=Sing;_;_;_;@ko1985f-words#@ko1985f#838.55#838.965
495;задача;задача;NOUN;_;Animacy=Inan|Case=Nom|Gender=Fem|Number=Sing;_;_;_;@ko1985f-words#@ko1985f#838.965#839.38
496;най;най;X;_;_;_;_;_;@ko1985f-words#@ko1985f#839.48#839.89
497;най;най;X;_;_;_;_;_;@ko1985f-words#@ko1985f#839.9#840.245
498;ну;ну;PART;_;_;_;_;_;@ko1985f-words#@ko1985f#840.245#840.59
499;какие-то;какой-то;DET;_;Case=Nom|Number=Plur;_;_;_;@ko1985f-words#@ko1985f#840.62#841.026
500;придумать;придумать;VERB;_;Aspect=Perf|VerbForm=Inf|Voice=Act;_;_;_;@ko1985f-words#@ko1985f#841.026#841.432
501;ему;он;PRON;_;Case=Dat|Gender=Masc|Number=Sing|Person=3;_;_;_;@ko1985f-words#@ko1985f#841.432#841.84
502;штуки;штука;NOUN;_;Animacy=Inan|Case=Acc|Gender=Fem|Number=Plur;_;_;_;@ko1985f-words#@ko1985f#841.85#842.146
503;которые;который;PRON;_;Case=Nom;_;_;_;@ko1985f-words#@ko1985f#842.146#842.442
504;его;он;PRON;_;Case=Acc|Gender=Masc|Number=Sing|Person=3;_;_;_;@ko1985f-words#@ko1985f#842.442#842.738
505;будут;быть;AUX;_;Aspect=Imp|Mood=Ind|Number=Plur|Person=3|Tense=Pres|VerbForm=Fin|Voice=Act;_;_;_;@ko1985f-words#@ko1985f#842.738#843.034
506;увлекать;влекать;VERB;_;Aspect=Imp|VerbForm=Inf|Voice=Act;_;_;_;@ko1985f-words#@ko1985f#843.034#843.33
507;там;там;ADV;_;_;_;_;_;@ko1985f-words#@ko1985f#843.33#843.63
508;ролики;ролик;NOUN;_;Animacy=Inan|Case=Acc|Gender=Masc|Number=Plur;_;_;_;@ko1985f-words#@ko1985f#843.645#844.795
509;сейчас;сейчас;ADV;_;_;_;_;_;@ko1985f-words#@ko1985f#844.8#845.067
510;он;он;PRON;_;Case=Nom|Gender=Masc|Number=Sing|Person=3;_;_;_;@ko1985f-words#@ko1985f#845.067#845.334
511;сошёл;сойти;VERB;_;Aspect=Perf|Gender=Masc|Mood=Ind|Number=Sing|Tense=Past|VerbForm=Fin|Voice=Act;_;_;_;@ko1985f-words#@ko1985f#845.334#845.601
512;с;с;ADP;_;_;_;_;_;@ko1985f-words#@ko1985f#845.601#845.868
513;ума;ум;NOUN;_;Animacy=Inan|Case=Gen|Gender=Masc|Number=Sing;_;_;_;@ko1985f-words#@ko1985f#845.868#846.135
514;по;по;ADP;_;_;_;_;_;@ko1985f-words#@ko1985f#846.135#846.402
515;лошадям;лошадь;NOUN;_;Animacy=Inan|Case=Dat|Gender=Fem|Number=Plur;_;_;_;@ko1985f-words#@ko1985f#846.402#846.67
516;ии;и;CCONJ;_;_;_;_;_;@ko1985f-words#@ko1985f#846.7#847.06
517;да;да;INTJ;_;_;_;_;_;@ko1985f-words#@ko1985f#847.1#847.378
518;я;я;PRON;_;Case=Nom|Number=Sing|Person=1;_;_;_;@ko1985f-words#@ko1985f#847.378#847.656
519;буду;быть;AUX;_;Aspect=Imp|Mood=Ind|Number=Sing|Person=1|Tense=Pres|VerbForm=Fin|Voice=Act;_;_;_;@ko1985f-words#@ko1985f#847.656#847.934
520;отдавать;отдавать;VERB;_;Aspect=Imp|VerbForm=Inf|Voice=Act;_;_;_;@ko1985f-words#@ko1985f#847.934#848.212
521;за;за;ADP;_;_;_;_;_;@ko1985f-words#@ko1985f#848.212#848.49
522;это;это;PRON;_;Animacy=Inan|Case=Acc|Gender=Neut|Number=Sing;_;_;_;@ko1985f-words#@ko1985f#848.49#848.768
523;все;весь;DET;_;Case=Acc|Gender=Neut|Number=Plur;_;_;_;@ko1985f-words#@ko1985f#848.768#849.046
524;деньги;деньги;NOUN;_;Animacy=Inan|Case=Nom|Gender=Fem|Number=Plur;_;_;_;@ko1985f-words#@ko1985f#849.046#849.33
525;потому;потому;ADV;_;_;_;_;_;@ko1985f-words#@ko1985f#849.33#849.602
526;что;что;SCONJ;_;_;_;_;_;@ko1985f-words#@ko1985f#849.602#849.874
527;он;он;PRON;_;Case=Nom|Gender=Masc|Number=Sing|Person=3;_;_;_;@ko1985f-words#@ko1985f#849.874#850.146
528;готов;готовый;ADJ;_;Degree=Pos|Gender=Masc|Number=Sing|Variant=Short;_;_;_;@ko1985f-words#@ko1985f#850.146#850.418
529;читать;читать;VERB;_;Aspect=Imp|VerbForm=Inf|Voice=Act;_;_;_;@ko1985f-words#@ko1985f#850.418#850.69
530;про;про;ADP;_;_;_;_;_;@ko1985f-words#@ko1985f#850.69#850.962
531;это;этот;PRON;_;Animacy=Inan|Case=Acc|Gender=Neut|Number=Sing;_;_;_;@ko1985f-words#@ko1985f#850.962#851.234
532;книги;книга;NOUN;_;Animacy=Inan|Case=Acc|Gender=Fem|Number=Plur;_;_;_;@ko1985f-words#@ko1985f#851.234#851.51
533;тренироваться;тренироваться;VERB;_;Aspect=Imp|VerbForm=Inf|Voice=Mid;_;_;_;@ko1985f-words#@ko1985f#851.52#852.79
534;а;а;CCONJ;_;_;_;_;_;@ko1985f-words#@ko1985f#852.81#852.955
535;э;э;INTJ;_;_;_;_;_;@ko1985f-words#@ko1985f#852.955#853.1
536;это;это;PRON;_;Animacy=Inan|Case=Nom|Gender=Neut|Number=Sing;_;_;_;@ko1985f-words#@ko1985f#853.11#853.765
537;нуу;ну;INTJ;_;_;_;_;_;@ko1985f-words#@ko1985f#853.765#854.42
538;спортом;спорт;NOUN;_;Animacy=Inan|Case=Ins|Gender=Masc|Number=Sing;_;_;_;@ko1985f-words#@ko1985f#854.42#854.763
539;вообще;вообще;ADV;_;_;_;_;_;@ko1985f-words#@ko1985f#854.763#855.106
540;не;не;PART;_;_;_;_;_;@ko1985f-words#@ko1985f#855.106#855.449
541;всех;все;PRON;_;Animacy=Anim|Case=Acc|Number=Plur;_;_;_;@ko1985f-words#@ko1985f#855.449#855.792
542;заставишь;заставить;VERB;_;Aspect=Perf|Mood=Ind|Number=Sing|Person=2|Tense=Fut|VerbForm=Fin|Voice=Act;_;_;_;@ko1985f-words#@ko1985f#855.792#856.135
543;заниматься;заниматься;VERB;_;Aspect=Imp|VerbForm=Inf|Voice=Mid;_;_;_;@ko1985f-words#@ko1985f#856.135#856.48
544;тут;тут;ADV;_;_;_;_;_;@ko1985f-words#@ko1985f#856.48#856.808
545;он;он;PRON;_;Case=Nom|Gender=Masc|Number=Sing|Person=3;_;_;_;@ko1985f-words#@ko1985f#856.808#857.136
546;готов;готовый;ADJ;_;Degree=Pos|Gender=Masc|Number=Sing|Variant=Short;_;_;_;@ko1985f-words#@ko1985f#857.136#857.464
547;что-то;что-то;PRON;_;Case=Acc;_;_;_;@ko1985f-words#@ko1985f#857.464#857.792
548;делать;делать;VERB;_;Aspect=Imp|VerbForm=Inf|Voice=Act;_;_;_;@ko1985f-words#@ko1985f#857.792#858.12
549;физически;физически;ADV;_;_;_;_;_;@ko1985f-words#@ko1985f#858.12#858.745
550;активное;активный;ADJ;_;Case=Acc|Degree=Pos|Gender=Neut|Number=Sing;_;_;_;@ko1985f-words#@ko1985f#858.745#859.37
551;и;и;CCONJ;_;_;_;_;_;@ko1985f-words#@ko1985f#859.37#859.686
552;бежит;бежать;VERB;_;Aspect=Imp|Mood=Ind|Number=Sing|Person=3|Tense=Pres|VerbForm=Fin|Voice=Act;_;_;_;@ko1985f-words#@ko1985f#859.686#860.002
553;туда;туда;ADV;_;_;_;_;_;@ko1985f-words#@ko1985f#860.002#860.32
554;ну;ну;PART;_;_;_;_;_;@ko1985f-words#@ko1985f#860.32#860.66
555;во;вот;PART;_;_;_;_;_;@ko1985f-words#@ko1985f#860.66#861.0
556;вот;вот;PART;_;_;_;_;_;@ko1985f-words#@ko1985f#861.0#861.34
557;это;это;PRON;_;Animacy=Inan|Case=Nom|Gender=Neut|Number=Sing;_;_;_;@ko1985f-words#@ko1985f#861.34#861.68
558;моя;мой;DET;_;Case=Nom|Gender=Fem|Number=Sing;_;_;_;@ko1985f-words#@ko1985f#861.69#862.093
559;моя;мой;DET;_;Case=Nom|Gender=Fem|Number=Sing;_;_;_;@ko1985f-words#@ko1985f#862.093#862.496
560;задача;задача;NOUN;_;Animacy=Inan|Case=Nom|Gender=Fem|Number=Sing;_;_;_;@ko1985f-words#@ko1985f#862.496#862.9
561;аэм;мм;INTJ;_;_;_;_;_;@be1987f-words#@be1987f#547.923#548.432
562;ты;ты;PRON;_;Case=Nom|Number=Sing|Person=2;_;_;_;@be1987f-words#@be1987f#548.432#548.941
563;сказала;сказать;VERB;_;Aspect=Perf|Gender=Fem|Mood=Ind|Number=Sing|Tense=Past|VerbForm=Fin|Voice=Act;_;_;_;@be1987f-words#@be1987f#548.941#549.45
564;что;чтоо;SCONJ;_;_;_;_;_;@be1987f-words#@be1987f#549.45#549.96
565;мм;мм;INTJ;_;_;_;_;_;@be1987f-words#@be1987f#549.96#550.41
566;с;с;ADP;_;_;_;_;_;@be1987f-words#@be1987f#550.41#550.797
567;матом;мат;NOUN;_;Animacy=Inan|Case=Ins|Gender=Masc|Number=Sing;_;_;_;@be1987f-words#@be1987f#550.797#551.184
568;у;у;ADP;_;_;_;_;_;@be1987f-words#@be1987f#551.184#551.571
569;вас;вы;PRON;_;Case=Gen|Number=Plur|Person=2;_;_;_;@be1987f-words#@be1987f#551.571#551.96
570;вот;вот;PART;_;_;_;_;_;@be1987f-words#@be1987f#551.96#552.14
571;мы;мы;PRON;_;Case=Nom|Number=Plur|Person=1;_;_;_;@be1987f-words#@be1987f#552.14#552.32
572;это;это;PRON;_;Animacy=Inan|Case=Acc|Gender=Neut|Number=Sing;_;_;_;@be1987f-words#@be1987f#552.32#552.5
573;не;не;PART;_;_;_;_;_;@be1987f-words#@be1987f#552.5#552.68
574;успели;успеть;VERB;_;Aspect=Perf|Mood=Ind|Number=Plur|Tense=Past|VerbForm=Fin|Voice=Act;_;_;_;@be1987f-words#@be1987f#552.68#552.86
575;обсудить;обсудить;VERB;_;Aspect=Perf|VerbForm=Inf|Voice=Act;_;_;_;@be1987f-words#@be1987f#552.86#553.04
576;на;на;ADP;_;_;_;_;_;@be1987f-words#@be1987f#553.04#553.22
577;камеру;камера;NOUN;_;Animacy=Inan|Case=Acc|Gender=Fem|Number=Sing;_;_;_;@be1987f-words#@be1987f#553.22#553.4
578;но;но;CCONJ;_;_;_;_;_;@be1987f-words#@be1987f#553.4#553.602
579;мы;мы;PRON;_;Case=Nom|Number=Plur|Person=1;_;_;_;@be1987f-words#@be1987f#553.602#553.804
580;это;это;PRON;_;Animacy=Inan|Case=Acc|Gender=Neut|Number=Sing;_;_;_;@be1987f-words#@be1987f#553.804#554.006
581;обсудили;обсудить;VERB;_;Aspect=Perf|Mood=Ind|Number=Plur|Tense=Past|VerbForm=Fin|Voice=Act;_;_;_;@be1987f-words#@be1987f#554.006#554.21
582;значит;значить;ADV;_;_;_;_;_;@be1987f-words#@be1987f#554.21#554.49
583;до;до;ADP;_;_;_;_;_;@be1987f-words#@be1987f#554.495#554.652
584;этого;это;PRON;_;Animacy=Inan|Case=Gen|Gender=Neut|Number=Sing;_;_;_;@be1987f-words#@be1987f#554.652#554.81
585;вот;вот;PART;_;_;_;_;_;@be1987f-words#@be1987f#554.81#555.16
586;про;про;ADP;_;_;_;_;_;@be1987f-words#@be1987f#555.16#555.425
587;мат;мат;NOUN;_;Animacy=Inan|Case=Acc|Gender=Masc|Number=Sing;_;_;_;@be1987f-words#@be1987f#555.425#555.69
588;в;в;ADP;_;_;_;_;_;@be1987f-words#@be1987f#555.69#556.157
589;сериалах;сериал;NOUN;_;Animacy=Inan|Case=Loc|Gender=Masc|Number=Plur;_;_;_;@be1987f-words#@be1987f#556.157#556.625
590;и;и;CCONJ;_;_;_;_;_;@be1987f-words#@be1987f#559.42#559.627
591;вообще;вообще;ADV;_;_;_;_;_;@be1987f-words#@be1987f#559.627#559.834
592;про;про;ADP;_;_;_;_;_;@be1987f-words#@be1987f#559.834#560.041
593;мат;мат;NOUN;_;Animacy=Inan|Case=Acc|Gender=Masc|Number=Sing;_;_;_;@be1987f-words#@be1987f#560.041#560.25
594;ну;ну;PART;_;_;_;_;_;@be1987f-words#@be1987f#648.31#648.517
595;мне;я;PRON;_;Case=Dat|Number=Sing|Person=1;_;_;_;@be1987f-words#@be1987f#648.517#648.724
596;кажется;казаться;VERB;_;Aspect=Imp|Mood=Ind|Number=Sing|Person=3|Tense=Pres|VerbForm=Fin|Voice=Mid;_;_;_;@be1987f-words#@be1987f#648.724#648.931
597;что;что;SCONJ;_;_;_;_;_;@be1987f-words#@be1987f#648.931#649.138
598;знаешь;знать;VERB;_;Aspect=Imp|Mood=Ind|Number=Sing|Person=2|Tense=Pres|VerbForm=Fin|Voice=Act;_;_;_;@be1987f-words#@be1987f#649.138#649.345
599;если;если;SCONJ;_;_;_;_;_;@be1987f-words#@be1987f#649.345#650.035
600;она;она;PRON;_;Case=Nom|Gender=Fem|Number=Sing|Person=3;_;_;_;@be1987f-words#@be1987f#650.035#650.725
601;табуируется;табуировать;VERB;_;Aspect=Imp|Mood=Ind|Number=Sing|Person=3|Tense=Pres|VerbForm=Fin|Voice=Mid;_;_;_;@be1987f-words#@be1987f#650.725#651.415
602;ээ;ээ;INTJ;_;_;_;_;_;@be1987f-words#@be1987f#651.485#651.725
603;она;она;PRON;_;Case=Nom|Gender=Fem|Number=Sing|Person=3;_;_;_;@be1987f-words#@be1987f#651.85#652.217
604;тут;тут;ADV;_;_;_;_;_;@be1987f-words#@be1987f#652.217#652.584
605;же;же;PART;_;_;_;_;_;@be1987f-words#@be1987f#652.584#652.951
606;создаёт;создавать;VERB;_;Aspect=Imp|Mood=Ind|Number=Sing|Person=3|Tense=Pres|VerbForm=Fin|Voice=Act;_;_;_;@be1987f-words#@be1987f#652.951#653.32
607;э;э;INTJ;_;_;_;_;_;@be1987f-words#@be1987f#653.39#653.905
608;просто;просто;PART;_;_;_;_;_;@be1987f-words#@be1987f#653.905#654.42
609;нездоровый;нездоровый;ADJ;_;Case=Nom|Degree=Pos|Gender=Masc|Number=Sing;_;_;_;@be1987f-words#@be1987f#654.42#654.935
610;интерес;интерес;NOUN;_;Animacy=Inan|Case=Nom|Gender=Masc|Number=Sing;_;_;_;@be1987f-words#@be1987f#654.935#655.45
611;и;и;CCONJ;_;_;_;_;_;@be1987f-words#@be1987f#655.475#655.785
612;желание;желание;NOUN;_;Animacy=Inan|Case=Nom|Gender=Neut|Number=Sing;_;_;_;@be1987f-words#@be1987f#655.785#656.095
613;вот;вот;PART;_;_;_;_;_;@be1987f-words#@be1987f#656.92#657.21
614;это;этот;PRON;_;Animacy=Inan|Case=Nom|Gender=Neut|Number=Sing;_;_;_;@be1987f-words#@be1987f#657.21#657.5
615;вот;вот;PART;_;_;_;_;_;@be1987f-words#@be1987f#657.5#657.79
616;типа;тип;NOUN;_;Animacy=Inan|Case=Gen|Gender=Masc|Number=Sing;_;_;_;@be1987f-words#@be1987f#657.79#658.08
617;ааа;аа;INTJ;_;_;_;_;_;@be1987f-words#@be1987f#658.08#658.37
618;я;я;PRON;_;Case=Nom|Number=Sing|Person=1;_;_;_;@be1987f-words#@be1987f#658.37#658.601
619;потому;потому;ADV;_;_;_;_;_;@be1987f-words#@be1987f#658.601#658.832
620;что;что;SCONJ;_;_;_;_;_;@be1987f-words#@be1987f#658.832#659.063
621;тоже;тоже;PART;_;_;_;_;_;@be1987f-words#@be1987f#659.063#659.294
622;помню;помнить;VERB;_;Aspect=Imp|Mood=Ind|Number=Sing|Person=1|Tense=Pres|VerbForm=Fin|Voice=Act;_;_;_;@be1987f-words#@be1987f#659.294#659.525
623;что;что;SCONJ;_;_;_;_;_;@be1987f-words#@be1987f#659.525#659.756
624;у;у;ADP;_;_;_;_;_;@be1987f-words#@be1987f#659.756#659.987
625;меня;я;PRON;_;Case=Gen|Number=Sing|Person=1;_;_;_;@be1987f-words#@be1987f#659.987#660.218
626;папа;папа;NOUN;_;Animacy=Anim|Case=Nom|Gender=Masc|Number=Sing;_;_;_;@be1987f-words#@be1987f#660.218#660.449
627;никогда;никогда;ADV;_;_;_;_;_;@be1987f-words#@be1987f#660.449#660.68
628;не;не;PART;_;_;_;_;_;@be1987f-words#@be1987f#660.68#660.911
629;ээ;ээ;INTJ;_;_;_;_;_;@be1987f-words#@be1987f#660.911#661.15
630;стеснялся;стесняться;VERB;_;Aspect=Imp|Gender=Masc|Mood=Ind|Number=Sing|Tense=Past|VerbForm=Fin|Voice=Mid;_;_;_;@be1987f-words#@be1987f#661.165#661.579
631;при;при;ADP;_;_;_;_;_;@be1987f-words#@be1987f#661.579#661.993
632;мне;я;PRON;_;Case=Dat|Number=Sing|Person=1;_;_;_;@be1987f-words#@be1987f#661.993#662.407
633;там;там;ADV;_;_;_;_;_;@be1987f-words#@be1987f#662.407#662.821
634;материться;материться;VERB;_;Aspect=Imp|VerbForm=Inf|Voice=Mid;_;_;_;@be1987f-words#@be1987f#662.821#663.235
635;ии;и;CCONJ;_;_;_;_;_;@be1987f-words#@be1987f#663.59#664.15
636;яя;я;PRON;_;Case=Nom|Number=Sing|Person=1;_;_;_;@be1987f-words#@be1987f#664.15#665.21
637;ну;ну;PART;_;_;_;_;_;@be1987f-words#@be1987f#665.21#665.543
638;то;то;PRON;_;Animacy=Inan|Case=Nom|Gender=Neut|Number=Sing;_;_;_;@be1987f-words#@be1987f#665.543#665.876
639;есть;быть;VERB;_;Aspect=Imp|Mood=Ind|Number=Sing|Person=3|Tense=Pres|VerbForm=Fin|Voice=Act;_;_;_;@be1987f-words#@be1987f#665.876#666.21
640;я;я;PRON;_;Case=Nom|Number=Sing|Person=1;_;_;_;@be1987f-words#@be1987f#666.21#666.505
641;мне;я;PRON;_;Case=Dat|Number=Sing|Person=1;_;_;_;@be1987f-words#@be1987f#666.505#666.8
642;кажется;казаться;VERB;_;Aspect=Imp|Mood=Ind|Number=Sing|Person=3|Tense=Pres|VerbForm=Fin|Voice=Mid;_;_;_;@be1987f-words#@be1987f#666.8#667.095
643;классе;класс;NOUN;_;Animacy=Inan|Case=Loc|Gender=Masc|Number=Sing;_;_;_;@be1987f-words#@be1987f#667.095#667.39
644;в;в;ADP;_;_;_;_;_;@be1987f-words#@be1987f#667.39#667.685
645;шестом;шестой;ADJ;_;Case=Loc|Degree=Pos|Gender=Masc|Number=Sing;_;_;_;@be1987f-words#@be1987f#667.685#667.98
646;в;в;ADP;_;_;_;_;_;@be1987f-words#@be1987f#667.98#668.51
647;седьмом;седьмой;ADJ;_;Case=Loc|Degree=Pos|Gender=Masc|Number=Sing;_;_;_;@be1987f-words#@be1987f#668.51#669.04
648;где-то;где-то;ADV;_;_;_;_;_;@be1987f-words#@be1987f#669.04#669.461
649;на;на;ADP;_;_;_;_;_;@be1987f-words#@be1987f#669.461#669.882
650;отдыхе;отдых;NOUN;_;Animacy=Inan|Case=Loc|Gender=Masc|Number=Sing;_;_;_;@be1987f-words#@be1987f#669.882#670.305
651;эм;э;INTJ;_;_;_;_;_;@be1987f-words#@be1987f#670.31#671.13
652;узнала;узнать;VERB;_;Aspect=Perf|Gender=Fem|Mood=Ind|Number=Sing|Tense=Past|VerbForm=Fin|Voice=Act;_;_;_;@be1987f-words#@be1987f#671.135#671.476
653;все;весь;DET;_;Case=Acc|Number=Plur;_;_;_;@be1987f-words#@be1987f#671.476#671.817
654;матерные;матерный;ADJ;_;Animacy=Inan|Case=Acc|Degree=Pos|Number=Plur;_;_;_;@be1987f-words#@be1987f#671.817#672.158
655;слова;слово;NOUN;_;Animacy=Inan|Case=Acc|Gender=Neut|Number=Plur;_;_;_;@be1987f-words#@be1987f#672.158#672.499
656;с;с;ADP;_;_;_;_;_;@be1987f-words#@be1987f#672.499#672.84
657;ну;ну;PART;_;_;_;_;_;@be1987f-words#@be1987f#672.84#673.186
658;у;у;ADP;_;_;_;_;_;@be1987f-words#@be1987f#673.186#673.532
659;девочек;девочка;NOUN;_;Animacy=Anim|Case=Gen|Gender=Fem|Number=Plur;_;_;_;@be1987f-words#@be1987f#673.532#673.878
660;каких-то;какой-то;DET;_;Case=Gen|Number=Plur;_;_;_;@be1987f-words#@be1987f#673.878#674.224
661;спросила;спросить;VERB;_;Aspect=Perf|Gender=Fem|Mood=Ind|Number=Sing|Tense=Past|VerbForm=Fin|Voice=Act;_;_;_;@be1987f-words#@be1987f#674.224#674.57
662;чё;что;PRON;_;Case=Acc|Gender=Neut|Number=Sing;_;_;_;@be1987f-words#@be1987f#674.57#674.775
663;они;они;PRON;_;Case=Nom|Number=Plur|Person=3;_;_;_;@be1987f-words#@be1987f#674.775#674.98
664;значат;значить;VERB;_;Aspect=Imp|Mood=Ind|Number=Plur|Person=3|Tense=Pres|VerbForm=Fin|Voice=Act;_;_;_;@be1987f-words#@be1987f#674.98#675.185
665;до;до;ADP;_;_;_;_;_;@be1987f-words#@be1987f#675.185#675.462
666;этого;это;PRON;_;Animacy=Inan|Case=Gen|Gender=Neut|Number=Sing;_;_;_;@be1987f-words#@be1987f#675.462#675.739
667;мне;я;PRON;_;Case=Dat|Number=Sing|Person=1;_;_;_;@be1987f-words#@be1987f#675.739#676.016
668;было;быть;AUX;_;Aspect=Imp|Gender=Neut|Mood=Ind|Number=Sing|Tense=Past|VerbForm=Fin|Voice=Act;_;_;_;@be1987f-words#@be1987f#676.016#676.293
669;просто;просто;PART;_;_;_;_;_;@be1987f-words#@be1987f#676.293#676.57
670;ну;ну;PART;_;_;_;_;_;@be1987f-words#@be1987f#676.57#676.847
671;не;не;PART;_;_;_;_;_;@be1987f-words#@be1987f#676.847#677.124
672;очень;очень;ADV;_;Degree=Pos;_;_;_;@be1987f-words#@be1987f#677.124#677.401
673;интересно;интересный;ADJ;_;Degree=Pos|Gender=Neut|Number=Sing|Variant=Short;_;_;_;@be1987f-words#@be1987f#677.401#677.685
674;аэ;а;INTJ;_;_;_;_;_;@be1987f-words#@be1987f#678.96#679.29
675;скажи;сказать;VERB;_;Aspect=Perf|Mood=Imp|Number=Sing|Person=2|Voice=Act;_;_;_;@be1987f-words#@be1987f#679.29#679.656
676;кстати;кстати;ADV;_;_;_;_;_;@be1987f-words#@be1987f#679.656#680.022
677;вот;вот;PART;_;_;_;_;_;@be1987f-words#@be1987f#680.022#680.39
678;контент;контент;NOUN;_;Animacy=Inan|Case=Acc|Gender=Masc|Number=Sing;_;_;_;@be1987f-words#@be1987f#680.395#681.045
679;который;который;PRON;_;Case=Acc;_;_;_;@be1987f-words#@be1987f#681.045#681.501
680;можно;можно;ADV;_;Degree=Pos;_;_;_;@be1987f-words#@be1987f#681.501#681.957
681;смотреть;смотреть;VERB;_;Aspect=Imp|VerbForm=Inf|Voice=Act;_;_;_;@be1987f-words#@be1987f#681.957#682.413
682;ребёнку;ребёнка;NOUN;_;Animacy=Inan|Case=Acc|Gender=Fem|Number=Sing;_;_;_;@be1987f-words#@be1987f#682.413#682.87
683;э;э;INTJ;_;_;_;_;_;@be1987f-words#@be1987f#682.87#683.32
684;как;как;SCONJ;_;_;_;_;_;@be1987f-words#@be1987f#683.32#683.675
685;ты;ты;PRON;_;Case=Nom|Number=Sing|Person=2;_;_;_;@be1987f-words#@be1987f#683.675#684.03
686;там;там;ADV;_;Degree=Pos;_;_;_;@be1987f-words#@be1987f#684.03#684.385
687;это;это;PRON;_;Animacy=Inan|Case=Acc|Gender=Neut|Number=Sing;_;_;_;@be1987f-words#@be1987f#684.385#684.74
688;определяешь;определять;VERB;_;Aspect=Imp|Mood=Ind|Number=Sing|Person=2|Tense=Pres|VerbForm=Fin|Voice=Act;_;_;_;@be1987f-words#@be1987f#684.74#685.095
689;?;?;PUNCT;_;_;_;_;_;@be1987f-words#@be1987f#685.095#685.45
690;ээ;э;INTJ;_;_;_;_;_;@be1987f-words#@be1987f#685.46#686.21
691;сложные;сложный;ADJ;_;Case=Nom|Degree=Pos|Number=Plur;_;_;_;@be1987f-words#@be1987f#686.22#686.68
692;темы;тема;NOUN;_;Animacy=Inan|Case=Nom|Gender=Fem|Number=Plur;_;_;_;@be1987f-words#@be1987f#686.68#687.14
693;какие-то;какой-то;DET;_;Case=Nom|Number=Plur;_;_;_;@be1987f-words#@be1987f#687.14#687.6
694;ну;ну;PART;_;_;_;_;_;@be1987f-words#@be1987f#687.6#687.81
695;вот;вот;PART;_;_;_;_;_;@be1987f-words#@be1987f#687.81#688.02
696;те;тот;DET;_;Case=Nom|Number=Plur;_;_;_;@be1987f-words#@be1987f#688.02#688.23
697;же;же;PART;_;_;_;_;_;@be1987f-words#@be1987f#688.23#688.44
698;какие-то;какой-то;DET;_;Case=Nom|Number=Plur;_;_;_;@be1987f-words#@be1987f#688.44#688.65
699;там;там;ADV;_;Degree=Pos;_;_;_;@be1987f-words#@be1987f#688.65#688.86
700;гомосексуальные;гомосексуальный;ADJ;_;Animacy=Inan|Case=Acc|Degree=Pos|Number=Plur;_;_;_;@be1987f-words#@be1987f#688.87#689.7
701;истории;история;NOUN;_;Animacy=Inan|Case=Acc|Gender=Fem|Number=Plur;_;_;_;@be1987f-words#@be1987f#689.7#690.53
702;секс;секс;VERB;_;Aspect=Perf|Gender=Masc|Mood=Ind|Number=Sing|Tense=Past|VerbForm=Fin|Voice=Act;_;_;_;@be1987f-words#@be1987f#690.53#691.52
703;наркотики;наркотик;NOUN;_;Animacy=Inan|Case=Acc|Gender=Masc|Number=Plur;_;_;_;@be1987f-words#@be1987f#691.52#692.565
704;#смеётся#;#смеётся#;X;_;_;_;_;_;@be1987f-words#@be1987f#729.73#730.22
705;мне;я;PRON;_;Case=Dat|Number=Sing|Person=1;_;_;_;@be1987f-words#@be1987f#749.61#750.015
706;кажется;казаться;VERB;_;Aspect=Imp|Mood=Ind|Number=Sing|Person=3|Tense=Pres|VerbForm=Fin|Voice=Mid;_;_;_;@be1987f-words#@be1987f#750.015#750.42
707;это;это;PRON;_;Animacy=Inan|Case=Nom|Gender=Neut|Number=Sing;_;_;_;@be1987f-words#@be1987f#750.42#750.825
708;ну;ну;PART;_;_;_;_;_;@be1987f-words#@be1987f#750.825#751.23
709;не;не;PART;_;_;_;_;_;@be1987f-words#@be1987f#751.24#751.536
710;хочется;хотеться;VERB;_;Aspect=Imp|Mood=Ind|Number=Sing|Person=3|Tense=Pres|VerbForm=Fin|Voice=Mid;_;_;_;@be1987f-words#@be1987f#751.536#751.832
711;смореть;смотреть;VERB;_;Aspect=Imp|VerbForm=Inf|Voice=Act;_;_;_;@be1987f-words#@be1987f#751.832#752.128
712;там;там;ADV;_;_;_;_;_;@be1987f-words#@be1987f#752.128#752.424
713;правильно;правильно;ADV;_;Degree=Pos;_;_;_;@be1987f-words#@be1987f#752.424#752.72
714;там;там;ADV;_;_;_;_;_;@be1987f-words#@be1987f#752.72#753.016
715;или;или;CCONJ;_;_;_;_;_;@be1987f-words#@be1987f#753.016#753.312
716;неправильно;неправильно;ADV;_;Degree=Pos;_;_;_;@be1987f-words#@be1987f#753.312#753.61
717;но;но;CCONJ;_;_;_;_;_;@be1987f-words#@be1987f#753.65#753.855
718;мне;я;PRON;_;Case=Dat|Number=Sing|Person=1;_;_;_;@be1987f-words#@be1987f#753.855#754.06
719;кажется;казаться;VERB;_;Aspect=Imp|Mood=Ind|Number=Sing|Person=3|Tense=Pres|VerbForm=Fin|Voice=Mid;_;_;_;@be1987f-words#@be1987f#754.06#754.265
720;что;что;SCONJ;_;_;_;_;_;@be1987f-words#@be1987f#754.265#754.47
721;это;это;PRON;_;Animacy=Inan|Case=Nom|Gender=Neut|Number=Sing;_;_;_;@be1987f-words#@be1987f#754.47#754.675
722;здорово;здоровый;ADV;_;Degree=Pos;_;_;_;@be1987f-words#@be1987f#754.675#754.88
723;что;что;SCONJ;_;_;_;_;_;@be1987f-words#@be1987f#754.88#755.09
724;э;э;INTJ;_;_;_;_;_;@be1987f-words#@be1987f#755.52#756.07
725;ты;ты;PRON;_;Case=Nom|Number=Sing|Person=2;_;_;_;@be1987f-words#@be1987f#756.095#756.426
726;даёшь;даёть;VERB;_;Aspect=Imp|Mood=Ind|Number=Sing|Person=2|Tense=Pres|VerbForm=Fin|Voice=Act;_;_;_;@be1987f-words#@be1987f#756.426#756.757
727;ему;он;PRON;_;Case=Dat|Gender=Masc|Number=Sing|Person=3;_;_;_;@be1987f-words#@be1987f#756.757#757.088
728;пространство;пространство;NOUN;_;Animacy=Inan|Case=Acc|Gender=Neut|Number=Sing;_;_;_;@be1987f-words#@be1987f#757.088#757.419
729;какое-то;какой-то;DET;_;Case=Acc|Gender=Neut|Number=Sing;_;_;_;@be1987f-words#@be1987f#757.419#757.75
730;своё;свой;DET;_;Case=Acc|Gender=Neut|Number=Sing;_;_;_;@be1987f-words#@be1987f#757.75#758.085
731;ну;ну;PART;_;_;_;_;_;@be1987f-words#@be1987f#758.09#758.317
732;оно;оно;PRON;_;Case=Nom|Gender=Neut|Number=Sing|Person=3;_;_;_;@be1987f-words#@be1987f#758.317#758.544
733;должно;должен;ADJ;_;Degree=Pos|Gender=Neut|Number=Sing|Variant=Short;_;_;_;@be1987f-words#@be1987f#758.544#758.771
734;быть;быть;AUX;_;Aspect=Imp|VerbForm=Inf|Voice=Act;_;_;_;@be1987f-words#@be1987f#758.771#758.998
735;но;но;CCONJ;_;_;_;_;_;@be1987f-words#@be1987f#758.998#759.225
736;полтора;полтора;NUM;_;Case=Nom|Gender=Masc;_;_;_;@be1987f-words#@be1987f#759.225#759.452
737;часа;час;NOUN;_;Animacy=Inan|Case=Gen|Gender=Masc|Number=Sing;_;_;_;@be1987f-words#@be1987f#759.452#759.68
738;это;это;PRON;_;Animacy=Inan|Case=Nom|Gender=Neut|Number=Sing;_;_;_;@be1987f-words#@be1987f#759.68#759.895
739;не;не;PART;_;_;_;_;_;@be1987f-words#@be1987f#759.895#760.11
740;так;так;ADV;_;_;_;_;_;@be1987f-words#@be1987f#760.11#760.325
741;много;много;ADV;_;Degree=Pos;_;_;_;@be1987f-words#@be1987f#760.325#760.54
742;хотя;хотя;SCONJ;_;_;_;_;_;@be1987f-words#@be1987f#760.54#761.015
743;конечно;конечно;ADV;_;_;_;_;_;@be1987f-words#@be1987f#761.015#761.49
744;ну;ну;PART;_;_;_;_;_;@be1987f-words#@be1987f#766.57#766.752
745;я;я;PRON;_;Case=Nom|Number=Sing|Person=1;_;_;_;@be1987f-words#@be1987f#766.752#766.934
746;не;не;PART;_;_;_;_;_;@be1987f-words#@be1987f#766.934#767.116
747;знаю;знать;VERB;_;Aspect=Imp|Mood=Ind|Number=Sing|Person=1|Tense=Pres|VerbForm=Fin|Voice=Act;_;_;_;@be1987f-words#@be1987f#767.116#767.298
748;я;я;PRON;_;Case=Nom|Number=Sing|Person=1;_;_;_;@be1987f-words#@be1987f#767.298#767.48
749;ты;ты;PRON;_;Case=Nom|Number=Sing|Person=2;_;_;_;@be1987f-words#@be1987f#767.49#767.651
750;знаешь;знать;VERB;_;Aspect=Imp|Mood=Ind|Number=Sing|Person=2|Tense=Pres|VerbForm=Fin|Voice=Act;_;_;_;@be1987f-words#@be1987f#767.651#767.812
751;вот;вот;PART;_;_;_;_;_;@be1987f-words#@be1987f#767.812#767.973
752;честно;честно;ADV;_;Degree=Pos;_;_;_;@be1987f-words#@be1987f#767.973#768.134
753;могу;мочь;VERB;_;Aspect=Imp|Mood=Ind|Number=Sing|Person=1|Tense=Pres|VerbForm=Fin|Voice=Act;_;_;_;@be1987f-words#@be1987f#768.134#768.295
754;те;ты;Pron;_;Case=Dat|Number=Sing|Person=2;_;_;_;@be1987f-words#@be1987f#768.295#768.456
755;сказать;сказать;VERB;_;Aspect=Perf|VerbForm=Inf|Voice=Act;_;_;_;@be1987f-words#@be1987f#768.456#768.62
756;я;я;PRON;_;Case=Nom|Number=Sing|Person=1;_;_;_;@be1987f-words#@be1987f#768.64#769.014
757;вчера;вчера;ADV;_;_;_;_;_;@be1987f-words#@be1987f#769.014#769.388
758;прочитала;прочитать;VERB;_;Aspect=Perf|Gender=Fem|Mood=Ind|Number=Sing|Tense=Past|VerbForm=Fin|Voice=Act;_;_;_;@be1987f-words#@be1987f#769.388#769.762
759;какой-то;какой-то;DET;_;Case=Acc|Gender=Masc|Number=Sing;_;_;_;@be1987f-words#@be1987f#769.762#770.136
760;материал;материал;NOUN;_;Animacy=Inan|Case=Acc|Gender=Masc|Number=Sing;_;_;_;@be1987f-words#@be1987f#770.136#770.51
761;про;про;ADP;_;_;_;_;_;@be1987f-words#@be1987f#770.51#770.884
762;педофилов;педофил;NOUN;_;Animacy=Inan|Case=Gen|Gender=Masc|Number=Plur;_;_;_;@be1987f-words#@be1987f#770.884#771.26
763;а;а;CCONJ;_;_;_;_;_;@be1987f-words#@be1987f#771.86#772.375
764;ии;и;CCONJ;_;_;_;_;_;@be1987f-words#@be1987f#772.375#772.89
765;там;там;ADV;_;_;_;_;_;@be1987f-words#@be1987f#772.92#773.595
766;довольно;довольно;ADV;_;Degree=Pos;_;_;_;@be1987f-words#@be1987f#773.595#774.27
767;ээ;э;INTJ;_;_;_;_;_;@be1987f-words#@be1987f#774.68#775.98
768;хороший;хороший;ADJ;_;Animacy=Inan|Case=Nom|Degree=Pos|Gender=Masc|Number=Sing;_;_;_;@be1987f-words#@be1987f#776.01#776.495
769;материал;материал;NOUN;_;Animacy=Inan|Case=Nom|Gender=Masc|Number=Sing;_;_;_;@be1987f-words#@be1987f#776.495#776.98
770;по-моему;по-моему;ADV;_;_;_;_;_;@be1987f-words#@be1987f#776.98#777.216
771;то;то;PRON;_;Animacy=Inan|Case=Acc|Gender=Neut|Number=Sing;_;_;_;@be1987f-words#@be1987f#777.216#777.452
772;ли;ли;PART;_;_;_;_;_;@be1987f-words#@be1987f#777.452#777.688
773;на;на;ADP;_;_;_;_;_;@be1987f-words#@be1987f#777.688#777.924
774;меле;мел;NOUN;_;Animacy=Inan|Case=Loc|Gender=Masc|Number=Sing;_;_;_;@be1987f-words#@be1987f#777.924#778.16
775;то;то;SCONJ;_;_;_;_;_;@be1987f-words#@be1987f#778.16#778.396
776;ли;ли;PART;_;_;_;_;_;@be1987f-words#@be1987f#778.396#778.632
777;на;на;ADP;_;_;_;_;_;@be1987f-words#@be1987f#778.632#778.868
778;чипсе;чипс;PROPN;_;Animacy=Inan|Case=Loc|Gender=Masc|Number=Sing;_;_;_;@be1987f-words#@be1987f#778.868#779.11
779;тип;тип;NOUN;_;Animacy=Inan|Case=Gen|Gender=Masc|Number=Sing;_;_;_;@be1987f-words#@be1987f#779.11#779.414
780;в;в;ADP;_;_;_;_;_;@be1987f-words#@be1987f#779.414#779.718
781;каком-то;какой-то;DET;_;Case=Loc|Gender=Masc|Number=Sing;_;_;_;@be1987f-words#@be1987f#779.718#780.022
782;уважаемом;уважать;VERB;_;Aspect=Imp|Case=Loc|Gender=Neut|Number=Sing|Tense=Pres|VerbForm=Part|Voice=Pass;_;_;_;@be1987f-words#@be1987f#780.022#780.326
783;себя;себя;PRON;_;Case=Acc;_;_;_;@be1987f-words#@be1987f#780.326#780.63
784;уважаемом;уважать;VERB;_;Aspect=Imp|Case=Loc|Gender=Neut|Number=Sing|Tense=Pres|VerbForm=Part|Voice=Pass;_;_;_;@be1987f-words#@be1987f#780.64#781.425
785;издании;издание;NOUN;_;Animacy=Inan|Case=Loc|Gender=Neut|Number=Sing;_;_;_;@be1987f-words#@be1987f#781.425#782.21
786;э;э;INTJ;_;_;_;_;_;@be1987f-words#@be1987f#782.3#782.7
787;и;и;CCONJ;_;_;_;_;_;@be1987f-words#@be1987f#782.72#783.1
788;там;там;ADV;_;_;_;_;_;@be1987f-words#@be1987f#783.1#783.48
789;ээ;э;INTJ;_;_;_;_;_;@be1987f-words#@be1987f#783.48#783.86
790;девушка;девушка;NOUN;_;Animacy=Anim|Case=Nom|Gender=Fem|Number=Sing;_;_;_;@be1987f-words#@be1987f#783.87#784.73
791;сделала;делать;VERB;_;Aspect=Perf|Gender=Fem|Mood=Ind|Number=Sing|Tense=Past|VerbForm=Fin|Voice=Act;_;_;_;@be1987f-words#@be1987f#784.73#785.59
792;самостоятельное;самостоятельный;ADJ;_;Case=Acc|Degree=Pos|Gender=Neut|Number=Sing;_;_;_;@be1987f-words#@be1987f#785.59#786.41
793;такое;такой;DET;_;Case=Acc|Gender=Neut|Number=Sing;_;_;_;@be1987f-words#@be1987f#786.41#787.23
794;исследование;исследование;NOUN;_;Animacy=Inan|Case=Acc|Gender=Neut|Number=Sing;_;_;_;@be1987f-words#@be1987f#787.23#788.07
795;где;где;ADV;_;_;_;_;_;@be1987f-words#@be1987f#788.07#788.411
796;она;она;PRON;_;Case=Nom|Gender=Fem|Number=Sing|Person=3;_;_;_;@be1987f-words#@be1987f#788.411#788.752
797;рассказала;рассказать;VERB;_;Aspect=Perf|Gender=Fem|Mood=Ind|Number=Sing|Tense=Past|VerbForm=Fin|Voice=Act;_;_;_;@be1987f-words#@be1987f#788.752#789.093
798;кто;кто;PRON;_;Case=Nom;_;_;_;@be1987f-words#@be1987f#789.093#789.434
799;они;они;PRON;_;Case=Nom|Number=Plur|Person=3;_;_;_;@be1987f-words#@be1987f#789.434#789.775
800;откуда;откуда;ADV;_;_;_;_;_;@be1987f-words#@be1987f#789.775#790.116
801;они;они;PRON;_;Case=Nom|Number=Plur|Person=3;_;_;_;@be1987f-words#@be1987f#790.116#790.457
802;берутся;брать;VERB;_;Aspect=Imp|Mood=Ind|Number=Plur|Person=3|Tense=Pres|VerbForm=Fin|Voice=Mid;_;_;_;@be1987f-words#@be1987f#790.457#790.8
803;э;э;INTJ;_;_;_;_;_;@be1987f-words#@be1987f#790.8#791.3
804;что;что;SCONJ;_;_;_;_;_;@be1987f-words#@be1987f#791.3#791.542
805;это;это;PRON;_;Animacy=Inan|Case=Nom|Gender=Neut|Number=Sing;_;_;_;@be1987f-words#@be1987f#791.542#791.784
806;часто;часто;ADV;_;Degree=Pos;_;_;_;@be1987f-words#@be1987f#791.784#792.026
807;там;там;ADV;_;_;_;_;_;@be1987f-words#@be1987f#792.026#792.268
808;кто-то;кто-то;PRON;_;Case=Nom;_;_;_;@be1987f-words#@be1987f#792.268#792.51
809;из;из;ADP;_;_;_;_;_;@be1987f-words#@be1987f#792.51#793.0
810;ээ;э;INTJ;_;_;_;_;_;@be1987f-words#@be1987f#793.0#793.49
811;вообще;вообще;ADV;_;_;_;_;_;@be1987f-words#@be1987f#793.49#793.89
812;родственников;родственник;NOUN;_;Animacy=Anim|Case=Gen|Gender=Masc|Number=Plur;_;_;_;@be1987f-words#@be1987f#793.89#794.29
813;или;или;CCONJ;_;_;_;_;_;@be1987f-words#@be1987f#794.29#794.69
814;знакомых;знакомый;NOUN;_;Animacy=Anim|Case=Gen|Gender=Masc|Number=Plur;_;_;_;@be1987f-words#@be1987f#794.69#795.09
815;поэтому;поэтому;ADV;_;Degree=Pos;_;_;_;@be1987f-words#@be1987f#795.58#795.86
816;мне;я;PRON;_;Case=Dat|Number=Sing|Person=1;_;_;_;@be1987f-words#@be1987f#795.86#796.14
817;кажется;казаться;VERB;_;Aspect=Imp|Mood=Ind|Number=Sing|Person=3|Tense=Pres|VerbForm=Fin|Voice=Mid;_;_;_;@be1987f-words#@be1987f#796.14#796.42
818;что;что;SCONJ;_;_;_;_;_;@be1987f-words#@be1987f#796.42#796.647
819;мы;мы;PRON;_;Case=Nom|Number=Plur|Person=1;_;_;_;@be1987f-words#@be1987f#796.647#796.874
820;когда;когда;SCONJ;_;_;_;_;_;@be1987f-words#@be1987f#796.874#797.101
821;говорим;говорить;VERB;_;Aspect=Imp|Mood=Ind|Number=Plur|Person=1|Tense=Pres|VerbForm=Fin|Voice=Act;_;_;_;@be1987f-words#@be1987f#797.101#797.328
822;о;о;ADP;_;_;_;_;_;@be1987f-words#@be1987f#797.328#797.555
823;том;то;PRON;_;Animacy=Inan|Case=Loc|Gender=Neut|Number=Sing;_;_;_;@be1987f-words#@be1987f#797.555#797.782
824;что;что;SCONJ;_;_;_;_;_;@be1987f-words#@be1987f#797.782#798.009
825;там;там;ADV;_;_;_;_;_;@be1987f-words#@be1987f#798.009#798.236
826;в;в;ADP;_;_;_;_;_;@be1987f-words#@be1987f#798.236#798.463
827;интернете;интернет;NOUN;_;Animacy=Inan|Case=Loc|Gender=Masc|Number=Sing;_;_;_;@be1987f-words#@be1987f#798.463#798.69
828;там;там;ADV;_;_;_;_;_;@be1987f-words#@be1987f#798.69#798.92
829;так;так;ADV;_;_;_;_;_;@be1987f-words#@be1987f#798.925#799.247
830;много;много;ADV;_;Degree=Pos;_;_;_;@be1987f-words#@be1987f#799.247#799.569
831;всего;все;PRON;_;Animacy=Inan|Case=Gen|Gender=Neut|Number=Sing;_;_;_;@be1987f-words#@be1987f#799.569#799.891
832;плохого;плохой;ADJ;_;Case=Gen|Degree=Pos|Gender=Neut|Number=Sing;_;_;_;@be1987f-words#@be1987f#799.891#800.215
833;ну;ну;PART;_;_;_;_;_;@be1987f-words#@be1987f#800.83#801.197
834;всего;всего;NOUN;_;Animacy=Inan|Case=Gen|Gender=Masc|Number=Sing;_;_;_;@be1987f-words#@be1987f#801.197#801.564
835;плохого;плохой;ADJ;_;Case=Gen|Degree=Pos|Gender=Masc|Number=Sing;_;_;_;@be1987f-words#@be1987f#801.564#801.931
836;много;много;ADV;_;Degree=Pos;_;_;_;@be1987f-words#@be1987f#801.931#802.3
837;ну;ну;PART;_;_;_;_;_;@be1987f-words#@be1987f#802.97#803.264
838;не;не;PART;_;_;_;_;_;@be1987f-words#@be1987f#803.264#803.558
839;только;только;PART;_;_;_;_;_;@be1987f-words#@be1987f#803.558#803.852
840;в;в;ADP;_;_;_;_;_;@be1987f-words#@be1987f#803.852#804.146
841;интернете;интернет;NOUN;_;Animacy=Inan|Case=Loc|Gender=Masc|Number=Sing;_;_;_;@be1987f-words#@be1987f#804.146#804.44
842;поэтому;поэтому;ADV;_;_;_;_;_;@be1987f-words#@be1987f#804.45#804.842
843;не;не;PART;_;_;_;_;_;@be1987f-words#@be1987f#804.842#805.234
844;знаю;знать;VERB;_;Aspect=Imp|Mood=Ind|Number=Sing|Person=1|Tense=Pres|VerbForm=Fin|Voice=Act;_;_;_;@be1987f-words#@be1987f#805.234#805.626
845;мне;я;PRON;_;Case=Dat|Number=Sing|Person=1;_;_;_;@be1987f-words#@be1987f#805.626#806.018
846;кажетсяя;кажется;VERB;_;Aspect=Imp|Mood=Ind|Number=Sing|Person=3|Tense=Pres|VerbForm=Fin|Voice=Mid;_;_;_;@be1987f-words#@be1987f#806.018#806.41
847;мне;я;PRON;_;Case=Dat|Number=Sing|Person=1;_;_;_;@be1987f-words#@be1987f#806.97#807.357
848;кажется;казаться;VERB;_;Aspect=Imp|Mood=Ind|Number=Sing|Person=3|Tense=Pres|VerbForm=Fin|Voice=Mid;_;_;_;@be1987f-words#@be1987f#807.357#807.744
849;что;что;SCONJ;_;_;_;_;_;@be1987f-words#@be1987f#807.744#808.131
850;еслии;если;SCONJ;_;_;_;_;_;@be1987f-words#@be1987f#808.131#808.52
851;человек;человек;NOUN;_;Animacy=Anim|Case=Nom|Gender=Masc|Number=Sing;_;_;_;@be1987f-words#@be1987f#808.53#808.922
852;не;не;PART;_;_;_;_;_;@be1987f-words#@be1987f#808.922#809.314
853;ищет;искать;VERB;_;Aspect=Imp|Mood=Ind|Number=Sing|Person=3|Tense=Pres|VerbForm=Fin|Voice=Act;_;_;_;@be1987f-words#@be1987f#809.314#809.706
854;какого-то;какой-то;DET;_;Case=Gen|Gender=Masc|Number=Sing;_;_;_;@be1987f-words#@be1987f#809.706#810.098
855;там;там;ADV;_;_;_;_;_;@be1987f-words#@be1987f#810.098#810.4